id,city,date,hour,longitude,latitude,value
0,110100,2015/03/11,0,116.4656,39.922,299
1,110100,2015/03/11,0,116.3801,39.9964,279
2,110100,2015/03/11,0,116.4746,39.9209,267
3,110100,2015/03/11,0,121.388,31.2152,253
4,110100,2015/03/11,0,116.4743,39.9065,250
5,110100,2015/03/11,0,116.3848,39.9726,233
6,110100,2015/03/11,0,116.4628,39.969,230
7,110100,2015/03/11,0,123.4643,41.8107,230
8,110100,2015/03/11,0,116.4555,39.9621,229
9,110100,2015/03/11,0,116.3198,39.9921,225
10,110100,2015/03/11,0,116.4269,39.9926,222
11,110100,2015/03/11,1,116.4696,39.9136,282
12,110100,2015/03/11,1,116.4607,39.9598,265
13,110100,2015/03/11,1,116.4668,39.9392,256
14,110100,2015/03/11,1,116.4621,39.9596,255
15,110100,2015/03/11,1,116.4747,39.9131,244
16,110100,2015/03/11,1,121.3905,31.2035,242
17,110100,2015/03/11,1,116.4734,39.9197,233
18,110100,2015/03/11,1,116.381,39.9804,225
19,110100,2015/03/11,1,116.4695,39.9583,216
20,110100,2015/03/11,1,116.4757,39.9585,212
21,110100,2015/03/11,1,116.4741,39.9238,212
22,110100,2015/03/11,2,116.474,39.9113,237
23,110100,2015/03/11,2,116.4664,39.944,188
24,110100,2015/03/11,2,116.4678,39.9067,179
25,110100,2015/03/11,2,116.4615,39.9635,179
26,110100,2015/03/11,2,116.4678,39.9257,176
27,110100,2015/03/11,2,116.4709,39.9239,175
28,110100,2015/03/11,2,116.459,39.9656,175
29,110100,2015/03/11,2,116.4771,39.9016,164
30,110100,2015/03/11,2,116.4429,39.9512,161
31,110100,2015/03/11,2,116.4768,39.9624,158
32,110100,2015/03/11,2,116.4375,39.9429,156
33,110100,2015/03/11,3,116.4706,39.941,166
34,110100,2015/03/11,3,116.4768,39.9147,164
35,110100,2015/03/11,3,116.4465,39.9434,157
36,110100,2015/03/11,3,116.4764,39.9271,146
37,110100,2015/03/11,3,116.4724,39.9155,138
38,110100,2015/03/11,3,116.4714,39.9233,137
39,110100,2015/03/11,3,116.4722,39.9304,136
40,110100,2015/03/11,3,116.4553,39.9551,135
41,110100,2015/03/11,3,116.443,39.9355,133
42,110100,2015/03/11,3,116.4688,39.9558,133
43,110100,2015/03/11,3,116.468,39.9512,131
44,110100,2015/03/11,4,116.4891,39.997,176
45,110100,2015/03/11,4,116.5099,40.007,162
46,110100,2015/03/11,4,116.5166,40.0082,157
47,110100,2015/03/11,4,116.5141,40.0128,156
48,110100,2015/03/11,4,116.4587,39.9632,155
49,110100,2015/03/11,4,116.4982,39.9985,148
50,110100,2015/03/11,4,116.4617,39.9596,148
51,110100,2015/03/11,4,116.4751,39.9807,144
52,110100,2015/03/11,4,116.5314,40.0249,141
53,110100,2015/03/11,4,116.5055,40.0081,141
54,110100,2015/03/11,4,116.4751,39.9407,140
55,110100,2015/03/11,5,116.5138,40.0067,342
56,110100,2015/03/11,5,116.5186,40.0111,339
57,110100,2015/03/11,5,116.5038,40.0017,323
58,110100,2015/03/11,5,116.4881,39.9972,306
59,110100,2015/03/11,5,116.5277,40.0231,305
60,110100,2015/03/11,5,116.4991,40.0079,304
61,110100,2015/03/11,5,116.5023,40.0019,288
62,110100,2015/03/11,5,116.4943,40.0014,271
63,110100,2015/03/11,5,116.577,40.0374,268
64,110100,2015/03/11,5,116.5272,40.0201,265
65,110100,2015/03/11,5,116.5717,40.0404,259
66,110100,2015/03/11,6,130.2781,47.3321,446
67,110100,2015/03/11,6,130.2864,47.3342,409
68,110100,2015/03/11,6,116.5204,40.0106,348
69,110100,2015/03/11,6,116.5119,40.0055,344
70,110100,2015/03/11,6,116.4892,39.9949,319
71,110100,2015/03/11,6,116.5798,40.0413,319
72,110100,2015/03/11,6,121.5501,29.8733,311
73,110100,2015/03/11,6,116.5036,40.0146,310
74,110100,2015/03/11,6,116.5074,39.9986,309
75,110100,2015/03/11,6,116.4943,39.997,301
76,110100,2015/03/11,6,123.4643,41.8158,294
77,110100,2015/03/11,7,130.2775,47.3372,620
78,110100,2015/03/11,7,130.284,47.3213,506
79,110100,2015/03/11,7,121.5431,29.8633,396
80,110100,2015/03/11,7,119.5991,39.9644,307
81,110100,2015/03/11,7,117.7147,39.0428,289
82,110100,2015/03/11,7,116.5205,40.0079,256
83,110100,2015/03/11,7,116.5052,40.0073,241
84,110100,2015/03/11,7,124.3897,43.1754,240
85,110100,2015/03/11,7,116.516,40.0187,235
86,110100,2015/03/11,7,116.461,39.961,224
87,110100,2015/03/11,7,121.3984,31.2082,223
88,110100,2015/03/11,8,130.2845,47.3405,676
89,110100,2015/03/11,8,130.2822,47.321,519
90,110100,2015/03/11,8,117.7151,39.0316,490
91,110100,2015/03/11,8,119.6086,39.9658,369
92,110100,2015/03/11,8,121.5498,29.8676,305
93,110100,2015/03/11,8,118.537,37.4716,285
94,110100,2015/03/11,8,122.9841,41.1289,257
95,110100,2015/03/11,8,126.5634,43.8429,242
96,110100,2015/03/11,8,124.3964,43.1774,231
97,110100,2015/03/11,8,118.6668,37.4407,218
98,110100,2015/03/11,8,106.2841,38.4787,216
99,110100,2015/03/11,9,130.279,47.3329,627
100,110100,2015/03/11,9,130.2865,47.3253,508
101,110100,2015/03/11,9,117.7165,39.0424,485
102,110100,2015/03/11,9,119.6013,39.9625,339
103,110100,2015/03/11,9,121.5512,29.8634,324
104,110100,2015/03/11,9,121.3904,31.2064,264
105,110100,2015/03/11,9,122.9845,41.1191,256
106,110100,2015/03/11,9,117.2273,34.2299,248
107,110100,2015/03/11,9,118.539,37.4704,242
108,110100,2015/03/11,9,116.4949,39.9912,237
109,110100,2015/03/11,9,116.3657,39.945,237
110,110100,2015/03/11,10,130.2761,47.3416,604
111,110100,2015/03/11,10,130.2836,47.3295,465
112,110100,2015/03/11,10,117.7144,39.0347,401
113,110100,2015/03/11,10,119.5982,39.9581,364
114,110100,2015/03/11,10,121.5492,29.8729,326
115,110100,2015/03/11,10,116.323,39.9833,316
116,110100,2015/03/11,10,116.3224,39.997,313
117,110100,2015/03/11,10,116.3582,39.9895,295
118,110100,2015/03/11,10,116.3617,39.9444,286
119,110100,2015/03/11,10,116.4903,40.0043,286
120,110100,2015/03/11,10,116.3663,39.9468,279
121,110100,2015/03/11,11,130.2814,47.3358,564
122,110100,2015/03/11,11,130.2787,47.3262,404
123,110100,2015/03/11,11,117.7151,39.0397,367
124,110100,2015/03/11,11,116.3667,39.955,325
125,110100,2015/03/11,11,116.3589,39.9445,325
126,110100,2015/03/11,11,121.5453,29.8678,318
127,110100,2015/03/11,11,116.3589,39.9959,318
128,110100,2015/03/11,11,116.3601,39.9702,316
129,110100,2015/03/11,11,116.3225,39.9976,310
130,110100,2015/03/11,11,116.3183,39.9877,304
131,110100,2015/03/11,11,119.607,39.9632,303
132,110100,2015/03/11,12,130.276,47.334,460
133,110100,2015/03/11,12,130.2817,47.3254,348
134,110100,2015/03/11,12,117.7153,39.0389,338
135,110100,2015/03/11,12,121.5436,29.864,332
136,110100,2015/03/11,12,116.3673,39.9433,324
137,110100,2015/03/11,12,116.3649,39.9456,318
138,110100,2015/03/11,12,119.6005,39.9649,285
139,110100,2015/03/11,12,116.4703,39.9128,276
140,110100,2015/03/11,12,116.3578,39.9945,272
141,110100,2015/03/11,12,116.3666,39.9686,267
142,110100,2015/03/11,12,116.4652,39.9604,267
143,110100,2015/03/11,13,130.2847,47.3399,460
144,110100,2015/03/11,13,130.2802,47.3315,378
145,110100,2015/03/11,13,121.5463,29.8681,349
146,110100,2015/03/11,13,117.715,39.0359,341
147,110100,2015/03/11,13,119.6033,39.9553,276
148,110100,2015/03/11,13,116.3569,39.9385,244
149,110100,2015/03/11,13,116.4572,39.9619,240
150,110100,2015/03/11,13,116.4444,39.9158,237
151,110100,2015/03/11,13,117.2268,34.2342,233
152,110100,2015/03/11,13,116.3613,39.9202,233
153,110100,2015/03/11,13,116.3651,39.947,232
154,110100,2015/03/11,14,130.2816,47.3377,481
155,110100,2015/03/11,14,130.2757,47.3307,390
156,110100,2015/03/11,14,117.7117,39.0364,356
157,110100,2015/03/11,14,121.5515,29.8724,344
158,110100,2015/03/11,14,119.6047,39.9542,306
159,110100,2015/03/11,14,116.6225,40.0613,229
160,110100,2015/03/11,14,118.5414,37.4681,227
161,110100,2015/03/11,14,117.2297,34.2358,219
162,110100,2015/03/11,14,116.323,39.9101,214
163,110100,2015/03/11,14,116.3892,39.8768,213
164,110100,2015/03/11,14,116.3654,39.9226,213
165,110100,2015/03/11,15,130.2793,47.3314,495
166,110100,2015/03/11,15,130.2793,47.3268,392
167,110100,2015/03/11,15,117.7111,39.0396,351
168,110100,2015/03/11,15,121.5441,29.8681,317
169,110100,2015/03/11,15,119.5996,39.9592,279
170,110100,2015/03/11,15,118.5419,37.4735,223
171,110100,2015/03/11,15,116.3153,39.9068,219
172,110100,2015/03/11,15,116.6203,40.0562,219
173,110100,2015/03/11,15,121.3877,31.2137,215
174,110100,2015/03/11,15,116.3893,39.8716,213
175,110100,2015/03/11,15,116.3625,39.9974,211
176,110100,2015/03/11,16,130.2832,47.3321,512
177,110100,2015/03/11,16,130.2781,47.326,451
178,110100,2015/03/11,16,117.7148,39.0372,350
179,110100,2015/03/11,16,119.5971,39.9643,279
180,110100,2015/03/11,16,121.5491,29.8741,252
181,110100,2015/03/11,16,130.2741,47.2956,249
182,110100,2015/03/11,16,130.2685,47.2873,229
183,110100,2015/03/11,16,116.6285,40.0611,228
184,110100,2015/03/11,16,118.5414,37.4737,226
185,110100,2015/03/11,16,116.6223,40.0497,218
186,110100,2015/03/11,16,116.5869,40.0671,205
187,110100,2015/03/11,17,130.2811,47.3331,535
188,110100,2015/03/11,17,130.2824,47.3233,477
189,110100,2015/03/11,17,117.712,39.0382,353
190,110100,2015/03/11,17,119.5969,39.9549,283
191,110100,2015/03/11,17,130.2743,47.2966,261
192,110100,2015/03/11,17,130.2756,47.2857,253
193,110100,2015/03/11,17,116.6288,40.0546,240
194,110100,2015/03/11,17,118.5342,37.4674,217
195,110100,2015/03/11,17,116.6283,40.0574,213
196,110100,2015/03/11,17,124.3883,43.1831,204
197,110100,2015/03/11,17,116.4574,39.9682,200
198,110100,2015/03/11,18,130.2801,47.3342,447
199,110100,2015/03/11,18,117.716,39.0389,389
200,110100,2015/03/11,18,130.2777,47.3322,388
201,110100,2015/03/11,18,119.6053,39.9657,288
202,110100,2015/03/11,18,118.5312,37.4701,260
203,110100,2015/03/11,18,121.5495,29.8707,245
204,110100,2015/03/11,18,118.6672,37.4439,242
205,110100,2015/03/11,18,130.2737,47.2962,233
206,110100,2015/03/11,18,116.6217,40.0603,233
207,110100,2015/03/11,18,130.2658,47.2836,230
208,110100,2015/03/11,18,124.3932,43.1817,229
209,110100,2015/03/11,19,130.2791,47.3405,400
210,110100,2015/03/11,19,130.2792,47.3298,340
211,110100,2015/03/11,19,117.7138,39.0341,332
212,110100,2015/03/11,19,119.6027,39.9646,328
213,110100,2015/03/11,19,116.3208,39.9883,274
214,110100,2015/03/11,19,116.4568,39.9583,268
215,110100,2015/03/11,19,116.3802,39.9749,268
216,110100,2015/03/11,19,116.3595,39.9509,254
217,110100,2015/03/11,19,116.3653,39.9437,254
218,110100,2015/03/11,19,116.4603,39.9693,249
219,110100,2015/03/11,19,122.9882,41.126,248
220,110100,2015/03/11,20,130.282,47.3352,348
221,110100,2015/03/11,20,119.6024,39.9605,347
222,110100,2015/03/11,20,130.2815,47.3246,344
223,110100,2015/03/11,20,116.4643,39.9633,283
224,110100,2015/03/11,20,117.71,39.0422,282
225,110100,2015/03/11,20,116.3659,39.9377,281
226,110100,2015/03/11,20,116.3577,39.944,280
227,110100,2015/03/11,20,118.54,37.4712,280
228,110100,2015/03/11,20,116.4638,39.9623,276
229,110100,2015/03/11,20,116.3805,39.9732,268
230,110100,2015/03/11,20,116.3179,39.9849,259
231,110100,2015/03/11,21,119.6047,39.9575,339
232,110100,2015/03/11,21,116.3777,39.9873,308
233,110100,2015/03/11,21,130.2822,47.3324,308
234,110100,2015/03/11,21,130.2838,47.3214,284
235,110100,2015/03/11,21,116.3141,39.9077,260
236,110100,2015/03/11,21,116.3651,39.9895,259
237,110100,2015/03/11,21,116.4568,39.9698,259
238,110100,2015/03/11,21,116.464,39.9572,249
239,110100,2015/03/11,21,117.7092,39.0431,244
240,110100,2015/03/11,21,116.4736,39.9098,241
241,110100,2015/03/11,21,116.4929,39.9168,238
242,110100,2015/03/11,22,116.4765,39.9207,288
243,110100,2015/03/11,22,119.6073,39.9617,288
244,110100,2015/03/11,22,121.5565,31.2596,278
245,110100,2015/03/11,22,116.4585,39.9673,274
246,110100,2015/03/11,22,116.3874,39.9972,274
247,110100,2015/03/11,22,116.4743,39.9135,270
248,110100,2015/03/11,22,116.3023,40.0534,260
249,110100,2015/03/11,22,116.4628,39.9565,258
250,110100,2015/03/11,22,116.495,39.9138,255
251,110100,2015/03/11,22,116.3888,39.9778,254
252,110100,2015/03/11,22,116.318,39.906,254
253,110100,2015/03/11,23,116.4738,39.9138,354
254,110100,2015/03/11,23,116.4754,39.912,311
255,110100,2015/03/11,23,116.3866,39.9951,292
256,110100,2015/03/11,23,116.3065,40.0616,290
257,110100,2015/03/11,23,121.5612,31.2601,279
258,110100,2015/03/11,23,116.4699,39.8961,274
259,110100,2015/03/11,23,116.4726,39.925,273
260,110100,2015/03/11,23,121.3977,31.2142,266
261,110100,2015/03/11,23,121.4902,31.1855,264
262,110100,2015/03/11,23,116.4909,39.9216,262
263,110100,2015/03/11,23,116.3813,39.9713,261
id,city,date,hour,longitude,latitude,value
0,110100,2015/03/12,0,121.392,31.2115,286
1,110100,2015/03/12,0,116.4664,39.9212,281
2,110100,2015/03/12,0,121.5554,31.2559,267
3,110100,2015/03/12,0,116.3233,39.989,265
4,110100,2015/03/12,0,116.4672,39.9145,259
5,110100,2015/03/12,0,116.4736,39.9182,250
6,110100,2015/03/12,0,116.4727,39.898,232
7,110100,2015/03/12,0,116.388,39.9911,230
8,110100,2015/03/12,0,116.3865,39.9778,228
9,110100,2015/03/12,0,116.3225,39.9797,219
10,110100,2015/03/12,0,116.477,39.9249,218
11,110100,2015/03/12,1,121.398,31.2127,245
12,110100,2015/03/12,1,116.4725,39.9158,231
13,110100,2015/03/12,1,116.4755,39.9246,212
14,110100,2015/03/12,1,121.3394,31.1967,209
15,110100,2015/03/12,1,116.4549,39.9658,209
16,110100,2015/03/12,1,116.3646,39.9379,208
17,110100,2015/03/12,1,116.4596,39.9556,205
18,110100,2015/03/12,1,116.3587,39.9528,203
19,110100,2015/03/12,1,116.4401,39.9125,190
20,110100,2015/03/12,1,116.4761,39.9258,190
21,110100,2015/03/12,1,116.3613,39.9191,190
22,110100,2015/03/12,2,116.4708,39.9163,204
23,110100,2015/03/12,2,116.4709,39.9114,182
24,110100,2015/03/12,2,116.4724,39.941,176
25,110100,2015/03/12,2,116.3821,39.9706,171
26,110100,2015/03/12,2,116.3783,39.9599,168
27,110100,2015/03/12,2,116.455,39.9639,165
28,110100,2015/03/12,2,116.4667,39.9179,165
29,110100,2015/03/12,2,116.463,39.9549,160
30,110100,2015/03/12,2,116.4703,39.9315,160
31,110100,2015/03/12,2,116.3565,39.9413,156
32,110100,2015/03/12,2,121.3423,31.1983,156
33,110100,2015/03/12,3,116.4395,39.9165,140
34,110100,2015/03/12,3,116.4643,39.9653,138
35,110100,2015/03/12,3,116.4675,39.935,138
36,110100,2015/03/12,3,116.4623,39.9578,138
37,110100,2015/03/12,3,116.4767,39.9134,130
38,110100,2015/03/12,3,116.4556,39.943,127
39,110100,2015/03/12,3,121.3951,31.2148,126
40,110100,2015/03/12,3,116.4326,39.9408,125
41,110100,2015/03/12,3,116.4987,39.9985,125
42,110100,2015/03/12,3,116.4695,39.9594,123
43,110100,2015/03/12,3,116.4848,39.987,120
44,110100,2015/03/12,4,116.4945,39.9953,157
45,110100,2015/03/12,4,116.508,40.0088,142
46,110100,2015/03/12,4,116.5097,40.013,141
47,110100,2015/03/12,4,116.5117,40.0188,140
48,110100,2015/03/12,4,116.5238,40.0201,140
49,110100,2015/03/12,4,116.5823,40.039,136
50,110100,2015/03/12,4,116.5667,40.0409,130
51,110100,2015/03/12,4,116.4891,40.0025,129
52,110100,2015/03/12,4,116.5589,40.0293,127
53,110100,2015/03/12,4,116.4785,39.9823,127
54,110100,2015/03/12,4,116.4437,39.9157,126
55,110100,2015/03/12,5,116.5009,40.0062,283
56,110100,2015/03/12,5,116.5175,40.011,278
57,110100,2015/03/12,5,116.5105,40.0207,277
58,110100,2015/03/12,5,116.4893,39.9921,270
59,110100,2015/03/12,5,116.5771,40.0389,251
60,110100,2015/03/12,5,116.522,40.0193,251
61,110100,2015/03/12,5,116.5712,40.0314,238
62,110100,2015/03/12,5,116.502,40.0008,236
63,110100,2015/03/12,5,116.4976,40.0034,234
64,110100,2015/03/12,5,116.5582,40.0379,231
65,110100,2015/03/12,5,116.561,40.0337,228
66,110100,2015/03/12,6,130.283,47.3209,415
67,110100,2015/03/12,6,130.2769,47.3346,391
68,110100,2015/03/12,6,121.5486,29.8646,370
69,110100,2015/03/12,6,123.4632,41.8199,291
70,110100,2015/03/12,6,116.5112,40.0138,288
71,110100,2015/03/12,6,116.5113,40.0112,285
72,110100,2015/03/12,6,116.5818,40.0466,278
73,110100,2015/03/12,6,116.3866,39.8722,277
74,110100,2015/03/12,6,116.4987,39.9922,276
75,110100,2015/03/12,6,130.2647,47.327,273
76,110100,2015/03/12,6,116.4984,40.0012,269
77,110100,2015/03/12,7,130.2761,47.3416,594
78,110100,2015/03/12,7,130.277,47.3261,492
79,110100,2015/03/12,7,121.5524,29.871,412
80,110100,2015/03/12,7,119.6002,39.9606,319
81,110100,2015/03/12,7,116.5212,40.0053,283
82,110100,2015/03/12,7,116.5186,40.0179,261
83,110100,2015/03/12,7,117.7089,39.0415,251
84,110100,2015/03/12,7,116.5093,40.0088,247
85,110100,2015/03/12,7,116.5029,39.999,232
86,110100,2015/03/12,7,124.3929,43.174,231
87,110100,2015/03/12,7,116.4881,39.9908,226
88,110100,2015/03/12,8,130.2758,47.3405,642
89,110100,2015/03/12,8,130.2788,47.3206,517
90,110100,2015/03/12,8,117.7171,39.0355,479
91,110100,2015/03/12,8,121.5513,29.8735,315
92,110100,2015/03/12,8,119.5979,39.9557,304
93,110100,2015/03/12,8,118.5354,37.4742,291
94,110100,2015/03/12,8,122.9832,41.1223,252
95,110100,2015/03/12,8,117.2281,34.2357,248
96,110100,2015/03/12,8,124.3924,43.1785,234
97,110100,2015/03/12,8,126.57,43.8438,221
98,110100,2015/03/12,8,121.3968,31.2135,216
99,110100,2015/03/12,9,130.2825,47.3362,609
100,110100,2015/03/12,9,130.2812,47.33,489
101,110100,2015/03/12,9,117.711,39.0366,433
102,110100,2015/03/12,9,121.5421,29.8653,335
103,110100,2015/03/12,9,119.5987,39.9555,300
104,110100,2015/03/12,9,118.5409,37.4703,264
105,110100,2015/03/12,9,121.392,31.2034,252
106,110100,2015/03/12,9,116.49,40.0013,243
107,110100,2015/03/12,9,122.9865,41.1201,243
108,110100,2015/03/12,9,117.2244,34.2336,238
109,110100,2015/03/12,9,116.3601,39.9249,237
110,110100,2015/03/12,10,130.2758,47.3426,602
111,110100,2015/03/12,10,130.2855,47.3273,470
112,110100,2015/03/12,10,117.7114,39.0395,363
113,110100,2015/03/12,10,121.5481,29.8654,357
114,110100,2015/03/12,10,119.6018,39.9612,320
115,110100,2015/03/12,10,116.4952,40.0032,288
116,110100,2015/03/12,10,116.4985,39.9967,288
117,110100,2015/03/12,10,117.2347,34.2287,286
118,110100,2015/03/12,10,116.356,39.9391,280
119,110100,2015/03/12,10,116.3138,39.984,275
120,110100,2015/03/12,10,121.3953,31.2041,266
121,110100,2015/03/12,11,130.2763,47.3431,539
122,110100,2015/03/12,11,130.2768,47.3249,433
123,110100,2015/03/12,11,117.7189,39.0431,342
124,110100,2015/03/12,11,121.5485,29.8733,334
125,110100,2015/03/12,11,116.4952,40.0004,292
126,110100,2015/03/12,11,119.6086,39.9594,284
127,110100,2015/03/12,11,116.4946,39.9986,283
128,110100,2015/03/12,11,116.4553,39.9675,262
129,110100,2015/03/12,11,116.4731,39.9209,259
130,110100,2015/03/12,11,116.4865,39.991,256
131,110100,2015/03/12,11,117.2324,34.2311,253
132,110100,2015/03/12,12,130.2826,47.334,462
133,110100,2015/03/12,12,130.2841,47.3217,373
134,110100,2015/03/12,12,121.5499,29.8675,330
135,110100,2015/03/12,12,117.7189,39.0339,282
136,110100,2015/03/12,12,119.5981,39.9598,265
137,110100,2015/03/12,12,116.472,39.9148,254
138,110100,2015/03/12,12,117.2289,34.2317,234
139,110100,2015/03/12,12,116.6255,40.0585,218
140,110100,2015/03/12,12,116.4767,39.9569,214
141,110100,2015/03/12,12,116.4696,39.9536,213
142,110100,2015/03/12,12,116.4616,39.9549,213
143,110100,2015/03/12,13,130.2823,47.3412,448
144,110100,2015/03/12,13,130.2856,47.3206,357
145,110100,2015/03/12,13,121.5452,29.8727,338
146,110100,2015/03/12,13,117.7185,39.0327,290
147,110100,2015/03/12,13,116.6203,40.0617,244
148,110100,2015/03/12,13,119.6016,39.9577,231
149,110100,2015/03/12,13,116.472,39.9105,222
150,110100,2015/03/12,13,116.6258,40.0593,219
151,110100,2015/03/12,13,117.2275,34.2319,213
152,110100,2015/03/12,13,116.4624,39.9653,202
153,110100,2015/03/12,13,122.9917,41.1232,202
154,110100,2015/03/12,14,130.2814,47.3426,443
155,110100,2015/03/12,14,130.278,47.3211,368
156,110100,2015/03/12,14,117.7177,39.0406,314
157,110100,2015/03/12,14,121.5514,29.8681,302
158,110100,2015/03/12,14,118.5393,37.4668,232
159,110100,2015/03/12,14,119.6064,39.9588,216
160,110100,2015/03/12,14,122.983,41.1203,211
161,110100,2015/03/12,14,116.6226,40.0634,208
162,110100,2015/03/12,14,117.2344,34.2291,204
163,110100,2015/03/12,14,130.268,47.3023,202
164,110100,2015/03/12,14,116.6215,40.0581,198
165,110100,2015/03/12,15,130.2809,47.3409,463
166,110100,2015/03/12,15,130.2782,47.3235,368
167,110100,2015/03/12,15,117.7089,39.0316,334
168,110100,2015/03/12,15,121.553,29.8738,314
169,110100,2015/03/12,15,118.5394,37.4725,239
170,110100,2015/03/12,15,119.5978,39.962,219
171,110100,2015/03/12,15,130.2661,47.2985,201
172,110100,2015/03/12,15,117.2305,34.2327,194
173,110100,2015/03/12,15,118.6715,37.4429,178
174,110100,2015/03/12,15,122.9847,41.1197,177
175,110100,2015/03/12,15,116.6264,40.0598,173
176,110100,2015/03/12,16,130.2804,47.3412,503
177,110100,2015/03/12,16,130.2863,47.3256,417
178,110100,2015/03/12,16,117.7119,39.0347,315
179,110100,2015/03/12,16,121.5438,29.8736,291
180,110100,2015/03/12,16,130.269,47.2959,236
181,110100,2015/03/12,16,118.5421,37.4718,229
182,110100,2015/03/12,16,118.6668,37.4462,205
183,110100,2015/03/12,16,117.2257,34.2313,200
184,110100,2015/03/12,16,119.6003,39.9567,199
185,110100,2015/03/12,16,130.271,47.287,196
186,110100,2015/03/12,16,122.9829,41.1306,190
187,110100,2015/03/12,17,130.276,47.3372,510
188,110100,2015/03/12,17,130.2778,47.3298,450
189,110100,2015/03/12,17,117.7182,39.0353,332
190,110100,2015/03/12,17,130.2709,47.3034,248
191,110100,2015/03/12,17,118.5365,37.4693,228
192,110100,2015/03/12,17,130.2699,47.2825,221
193,110100,2015/03/12,17,121.5463,29.8698,204
194,110100,2015/03/12,17,119.6015,39.9654,182
195,110100,2015/03/12,17,116.4659,39.9687,175
196,110100,2015/03/12,17,122.9896,41.1187,174
197,110100,2015/03/12,17,118.6643,37.4491,165
198,110100,2015/03/12,18,130.278,47.34,465
199,110100,2015/03/12,18,130.2788,47.3262,412
200,110100,2015/03/12,18,117.7162,39.0401,344
201,110100,2015/03/12,18,121.5439,29.8664,245
202,110100,2015/03/12,18,118.5367,37.473,233
203,110100,2015/03/12,18,130.2742,47.3035,228
204,110100,2015/03/12,18,130.2692,47.2898,218
205,110100,2015/03/12,18,116.3297,39.9686,189
206,110100,2015/03/12,18,116.3638,39.9658,185
207,110100,2015/03/12,18,116.3559,39.9455,185
208,110100,2015/03/12,18,116.4653,39.9602,182
209,110100,2015/03/12,19,130.2868,47.3426,395
210,110100,2015/03/12,19,130.2854,47.3286,369
211,110100,2015/03/12,19,117.7189,39.0338,278
212,110100,2015/03/12,19,119.605,39.9611,251
213,110100,2015/03/12,19,118.5338,37.4698,246
214,110100,2015/03/12,19,116.3613,39.951,235
215,110100,2015/03/12,19,116.4569,39.9681,233
216,110100,2015/03/12,19,116.3778,39.9807,230
217,110100,2015/03/12,19,116.4573,39.9576,227
218,110100,2015/03/12,19,121.5526,29.8639,226
219,110100,2015/03/12,19,130.2749,47.2954,225
220,110100,2015/03/12,20,130.2859,47.3359,347
221,110100,2015/03/12,20,130.284,47.3296,334
222,110100,2015/03/12,20,118.532,37.4657,271
223,110100,2015/03/12,20,117.714,39.036,268
224,110100,2015/03/12,20,119.5978,39.9631,265
225,110100,2015/03/12,20,116.4571,39.9597,246
226,110100,2015/03/12,20,121.5523,29.8722,242
227,110100,2015/03/12,20,116.4676,39.9105,236
228,110100,2015/03/12,20,116.4619,39.9607,226
229,110100,2015/03/12,20,116.4679,39.954,224
230,110100,2015/03/12,20,116.4739,39.9213,221
231,110100,2015/03/12,21,130.2784,47.3213,306
232,110100,2015/03/12,21,130.2765,47.3321,297
233,110100,2015/03/12,21,119.6018,39.9617,271
234,110100,2015/03/12,21,121.5595,31.2647,242
235,110100,2015/03/12,21,118.5381,37.4667,236
236,110100,2015/03/12,21,116.3835,39.9985,231
237,110100,2015/03/12,21,116.3871,39.9804,223
238,110100,2015/03/12,21,117.7082,39.04,220
239,110100,2015/03/12,21,116.463,39.9638,214
240,110100,2015/03/12,21,116.4629,39.957,203
241,110100,2015/03/12,21,130.2759,47.2938,203
242,110100,2015/03/12,22,119.6064,39.9561,295
243,110100,2015/03/12,22,130.2774,47.3373,246
244,110100,2015/03/12,22,130.2823,47.3228,226
245,110100,2015/03/12,22,116.4746,39.9129,220
246,110100,2015/03/12,22,117.712,39.0376,220
247,110100,2015/03/12,22,116.3171,39.8994,219
248,110100,2015/03/12,22,121.5617,31.2566,213
249,110100,2015/03/12,22,118.5329,37.4696,211
250,110100,2015/03/12,22,121.5621,38.8822,206
251,110100,2015/03/12,22,121.489,31.1928,205
252,110100,2015/03/12,22,116.3633,39.9444,193
253,110100,2015/03/12,23,121.494,31.187,310
254,110100,2015/03/12,23,119.6075,39.9615,264
255,110100,2015/03/12,23,121.5611,31.263,243
256,110100,2015/03/12,23,121.558,38.8836,238
257,110100,2015/03/12,23,116.4686,39.9155,236
258,110100,2015/03/12,23,116.47,39.8983,217
259,110100,2015/03/12,23,116.4919,39.9208,210
260,110100,2015/03/12,23,116.4727,39.9088,206
261,110100,2015/03/12,23,116.3163,39.9013,206
262,110100,2015/03/12,23,116.4349,39.9181,199
263,110100,2015/03/12,23,116.3187,39.8883,192
id,city,date,hour,longitude,latitude,value
0,110100,2015/03/13,0,121.5603,31.2605,255
1,110100,2015/03/13,0,121.4959,31.1897,241
2,110100,2015/03/13,0,116.4697,39.9203,237
3,110100,2015/03/13,0,119.6031,39.9582,217
4,110100,2015/03/13,0,121.3445,31.2044,206
5,110100,2015/03/13,0,121.3904,31.2154,204
6,110100,2015/03/13,0,116.4627,39.9661,203
7,110100,2015/03/13,0,116.4671,39.9127,203
8,110100,2015/03/13,0,123.4594,41.8226,200
9,110100,2015/03/13,0,116.4621,39.9648,195
10,110100,2015/03/13,0,116.4766,39.903,187
11,110100,2015/03/13,1,121.3941,31.2139,228
12,110100,2015/03/13,1,121.5546,31.2612,199
13,110100,2015/03/13,1,121.4937,31.1853,185
14,110100,2015/03/13,1,116.4763,39.9106,185
15,110100,2015/03/13,1,121.3331,31.1986,176
16,110100,2015/03/13,1,116.4695,39.9096,174
17,110100,2015/03/13,1,116.4398,39.9112,174
18,110100,2015/03/13,1,116.3219,39.9031,169
19,110100,2015/03/13,1,116.4548,39.968,167
20,110100,2015/03/13,1,116.3599,39.945,166
21,110100,2015/03/13,1,116.3131,39.8923,163
22,110100,2015/03/13,2,121.397,31.2137,194
23,110100,2015/03/13,2,116.4772,39.9101,172
24,110100,2015/03/13,2,121.4868,31.1888,158
25,110100,2015/03/13,2,123.4626,41.821,151
26,110100,2015/03/13,2,113.0178,28.204,144
27,110100,2015/03/13,2,116.4746,39.9056,143
28,110100,2015/03/13,2,121.5523,31.2539,142
29,110100,2015/03/13,2,116.3571,39.9399,133
30,110100,2015/03/13,2,116.4661,39.8943,131
31,110100,2015/03/13,2,116.4614,39.9617,128
32,110100,2015/03/13,2,116.3656,39.9515,125
33,110100,2015/03/13,3,121.3905,31.2119,158
34,110100,2015/03/13,3,116.4407,39.9123,126
35,110100,2015/03/13,3,113.0214,28.1964,115
36,110100,2015/03/13,3,116.4395,39.9138,115
37,110100,2015/03/13,3,123.4533,41.814,108
38,110100,2015/03/13,3,116.4764,39.9117,107
39,110100,2015/03/13,3,116.3332,39.9029,106
40,110100,2015/03/13,3,116.4709,39.9331,103
41,110100,2015/03/13,3,116.4628,39.9619,101
42,110100,2015/03/13,3,116.3604,39.9147,100
43,110100,2015/03/13,3,116.3618,39.949,97
44,110100,2015/03/13,4,113.0206,28.2027,118
45,110100,2015/03/13,4,116.4438,39.9074,118
46,110100,2015/03/13,4,116.4373,39.9141,117
47,110100,2015/03/13,4,123.4534,41.8209,117
48,110100,2015/03/13,4,116.4997,40.0026,104
49,110100,2015/03/13,4,116.3254,39.9032,103
50,110100,2015/03/13,4,116.3592,39.9087,103
51,110100,2015/03/13,4,116.3566,39.908,102
52,110100,2015/03/13,4,118.126,39.6327,98
53,110100,2015/03/13,4,116.5851,40.0396,97
54,110100,2015/03/13,4,116.3986,39.9171,96
55,110100,2015/03/13,5,123.4596,41.8204,222
56,110100,2015/03/13,5,116.5109,40.0073,214
57,110100,2015/03/13,5,116.5152,40.0161,204
58,110100,2015/03/13,5,116.5215,40.0183,196
59,110100,2015/03/13,5,114.4686,38.0676,194
60,110100,2015/03/13,5,121.5522,29.8679,192
61,110100,2015/03/13,5,116.5767,40.0367,191
62,110100,2015/03/13,5,116.4962,39.9924,189
63,110100,2015/03/13,5,130.279,47.3409,189
64,110100,2015/03/13,5,116.5066,40.0052,188
65,110100,2015/03/13,5,116.565,40.0354,175
66,110100,2015/03/13,6,121.5455,29.8696,401
67,110100,2015/03/13,6,130.2821,47.3358,346
68,110100,2015/03/13,6,123.4598,41.8125,333
69,110100,2015/03/13,6,119.6011,39.9608,306
70,110100,2015/03/13,6,116.513,40.0152,257
71,110100,2015/03/13,6,116.3841,39.8676,247
72,110100,2015/03/13,6,130.285,47.3318,247
73,110100,2015/03/13,6,116.496,39.9973,242
74,110100,2015/03/13,6,114.4764,38.0737,242
75,110100,2015/03/13,6,114.4857,38.0103,238
76,110100,2015/03/13,6,116.5206,40.011,237
77,110100,2015/03/13,7,130.2798,47.3357,566
78,110100,2015/03/13,7,121.5455,29.8719,521
79,110100,2015/03/13,7,130.2873,47.3303,450
80,110100,2015/03/13,7,119.6055,39.9653,374
81,110100,2015/03/13,7,123.459,41.8219,327
82,110100,2015/03/13,7,118.7948,31.9741,327
83,110100,2015/03/13,7,121.3944,31.2115,293
84,110100,2015/03/13,7,116.384,39.8708,274
85,110100,2015/03/13,7,117.2295,34.2277,264
86,110100,2015/03/13,7,116.5186,40.0115,250
87,110100,2015/03/13,7,116.4978,39.9957,250
88,110100,2015/03/13,8,130.2838,47.3346,653
89,110100,2015/03/13,8,130.2865,47.3237,508
90,110100,2015/03/13,8,121.5508,29.8683,413
91,110100,2015/03/13,8,121.3968,31.2127,305
92,110100,2015/03/13,8,123.4538,41.8124,286
93,110100,2015/03/13,8,117.7101,39.0393,283
94,110100,2015/03/13,8,116.3839,39.8677,282
95,110100,2015/03/13,8,116.3178,39.9059,277
96,110100,2015/03/13,8,117.2309,34.2302,270
97,110100,2015/03/13,8,119.6031,39.9547,265
98,110100,2015/03/13,8,118.8006,31.9761,264
99,110100,2015/03/13,9,130.2833,47.333,652
100,110100,2015/03/13,9,130.2793,47.3242,538
101,110100,2015/03/13,9,121.5452,29.866,321
102,110100,2015/03/13,9,117.7091,39.0382,309
103,110100,2015/03/13,9,130.2722,47.2944,271
104,110100,2015/03/13,9,121.3948,31.2152,264
105,110100,2015/03/13,9,118.5342,37.4718,242
106,110100,2015/03/13,9,116.3215,39.9017,238
107,110100,2015/03/13,9,116.3584,39.942,236
108,110100,2015/03/13,9,130.2735,47.2867,231
109,110100,2015/03/13,9,130.2686,47.3251,231
110,110100,2015/03/13,10,130.2802,47.337,607
111,110100,2015/03/13,10,130.2836,47.3229,488
112,110100,2015/03/13,10,117.7148,39.0364,303
113,110100,2015/03/13,10,121.5488,29.8708,274
114,110100,2015/03/13,10,130.2678,47.3041,256
115,110100,2015/03/13,10,130.2687,47.2917,232
116,110100,2015/03/13,10,118.5337,37.4755,229
117,110100,2015/03/13,10,116.3655,39.9377,207
118,110100,2015/03/13,10,118.6629,37.4423,193
119,110100,2015/03/13,10,116.3621,39.9513,191
120,110100,2015/03/13,10,116.4551,39.9629,185
121,110100,2015/03/13,11,130.287,47.3335,564
122,110100,2015/03/13,11,130.2756,47.3321,457
123,110100,2015/03/13,11,117.7106,39.0375,289
124,110100,2015/03/13,11,121.5507,29.8668,285
125,110100,2015/03/13,11,116.3863,39.8665,226
126,110100,2015/03/13,11,118.5381,37.4701,222
127,110100,2015/03/13,11,130.2711,47.2948,219
128,110100,2015/03/13,11,130.2673,47.2854,205
129,110100,2015/03/13,11,116.3627,39.9461,171
130,110100,2015/03/13,11,118.6691,37.4429,166
131,110100,2015/03/13,11,116.3632,39.9487,161
132,110100,2015/03/13,12,130.2778,47.3421,477
133,110100,2015/03/13,12,130.2817,47.3292,373
134,110100,2015/03/13,12,121.5495,29.8698,296
135,110100,2015/03/13,12,117.7174,39.0344,282
136,110100,2015/03/13,12,116.384,39.8722,246
137,110100,2015/03/13,12,130.2753,47.3043,201
138,110100,2015/03/13,12,130.2736,47.2843,200
139,110100,2015/03/13,12,116.3893,39.8818,183
140,110100,2015/03/13,12,121.3985,31.204,181
141,110100,2015/03/13,12,118.5353,37.4666,179
142,110100,2015/03/13,12,121.4963,31.1911,177
143,110100,2015/03/13,13,130.2803,47.3362,458
144,110100,2015/03/13,13,130.277,47.3279,386
145,110100,2015/03/13,13,121.5455,29.8658,271
146,110100,2015/03/13,13,117.7148,39.043,262
147,110100,2015/03/13,13,116.3778,39.8663,214
148,110100,2015/03/13,13,130.2686,47.2951,205
149,110100,2015/03/13,13,118.5402,37.4774,202
150,110100,2015/03/13,13,121.3925,31.2113,185
151,110100,2015/03/13,13,130.2658,47.2839,183
152,110100,2015/03/13,13,116.3179,39.91,177
153,110100,2015/03/13,13,116.3891,39.8806,173
154,110100,2015/03/13,14,130.2797,47.3361,473
155,110100,2015/03/13,14,130.2824,47.3284,371
156,110100,2015/03/13,14,121.5518,29.8674,306
157,110100,2015/03/13,14,117.7147,39.0328,262
158,110100,2015/03/13,14,118.5374,37.4726,216
159,110100,2015/03/13,14,130.2649,47.3026,198
160,110100,2015/03/13,14,116.3871,39.8685,195
161,110100,2015/03/13,14,130.2745,47.2828,174
162,110100,2015/03/13,14,117.2335,34.2318,160
163,110100,2015/03/13,14,121.3952,31.2133,159
164,110100,2015/03/13,14,121.49,31.1911,157
165,110100,2015/03/13,15,130.2783,47.3375,480
166,110100,2015/03/13,15,130.2776,47.3274,376
167,110100,2015/03/13,15,121.5436,29.8686,291
168,110100,2015/03/13,15,117.7161,39.0333,256
169,110100,2015/03/13,15,118.532,37.4663,234
170,110100,2015/03/13,15,130.2662,47.2949,206
171,110100,2015/03/13,15,130.2647,47.2881,194
172,110100,2015/03/13,15,121.4907,31.1917,178
173,110100,2015/03/13,15,121.5598,31.256,171
174,110100,2015/03/13,15,117.2351,34.2333,167
175,110100,2015/03/13,15,118.6703,37.439,162
176,110100,2015/03/13,16,130.2831,47.3382,487
177,110100,2015/03/13,16,130.2825,47.3294,432
178,110100,2015/03/13,16,130.2665,47.3047,254
179,110100,2015/03/13,16,117.7113,39.0366,251
180,110100,2015/03/13,16,130.2666,47.2838,229
181,110100,2015/03/13,16,118.5321,37.4659,208
182,110100,2015/03/13,16,121.5464,29.8697,197
183,110100,2015/03/13,16,118.6691,37.4499,183
184,110100,2015/03/13,16,121.5567,31.2641,164
185,110100,2015/03/13,16,117.2331,34.2291,160
186,110100,2015/03/13,16,121.49,31.1826,159
187,110100,2015/03/13,17,130.2803,47.3315,507
188,110100,2015/03/13,17,130.2841,47.3316,434
189,110100,2015/03/13,17,117.707,39.0357,260
190,110100,2015/03/13,17,118.5387,37.4764,251
191,110100,2015/03/13,17,130.2673,47.3002,250
192,110100,2015/03/13,17,130.271,47.2898,231
193,110100,2015/03/13,17,118.6747,37.4407,198
194,110100,2015/03/13,17,122.9895,41.1203,188
195,110100,2015/03/13,17,119.6067,39.9574,186
196,110100,2015/03/13,17,121.5501,29.8655,184
197,110100,2015/03/13,17,124.3982,43.1762,176
198,110100,2015/03/13,18,130.2818,47.3391,475
199,110100,2015/03/13,18,130.2763,47.3319,410
200,110100,2015/03/13,18,117.7168,39.0364,318
201,110100,2015/03/13,18,130.2646,47.2973,259
202,110100,2015/03/13,18,118.5358,37.4758,257
203,110100,2015/03/13,18,130.2723,47.2906,238
204,110100,2015/03/13,18,118.6681,37.4494,223
205,110100,2015/03/13,18,122.9832,41.1196,223
206,110100,2015/03/13,18,121.5514,29.8691,203
207,110100,2015/03/13,18,124.3891,43.1847,190
208,110100,2015/03/13,18,121.3951,31.213,184
209,110100,2015/03/13,19,130.2827,47.3318,417
210,110100,2015/03/13,19,130.2838,47.3308,381
211,110100,2015/03/13,19,117.7189,39.0338,276
212,110100,2015/03/13,19,118.538,37.4727,233
213,110100,2015/03/13,19,122.9821,41.1282,232
214,110100,2015/03/13,19,130.2733,47.3004,228
215,110100,2015/03/13,19,119.6013,39.9648,208
216,110100,2015/03/13,19,130.2675,47.2896,198
217,110100,2015/03/13,19,121.5435,29.8702,194
218,110100,2015/03/13,19,118.6707,37.4496,187
219,110100,2015/03/13,19,124.3905,43.1844,179
220,110100,2015/03/13,20,130.2757,47.3362,361
221,110100,2015/03/13,20,130.2862,47.3207,360
222,110100,2015/03/13,20,117.717,39.0381,286
223,110100,2015/03/13,20,118.54,37.4767,241
224,110100,2015/03/13,20,119.6012,39.9651,228
225,110100,2015/03/13,20,130.2671,47.2955,215
226,110100,2015/03/13,20,130.2752,47.2821,197
227,110100,2015/03/13,20,124.3979,43.1746,187
228,110100,2015/03/13,20,122.9847,41.1251,183
229,110100,2015/03/13,20,121.3896,31.2061,170
230,110100,2015/03/13,20,118.6721,37.445,168
231,110100,2015/03/13,21,130.2839,47.3433,320
232,110100,2015/03/13,21,130.2778,47.33,309
233,110100,2015/03/13,21,117.7178,39.0372,229
234,110100,2015/03/13,21,118.5396,37.4672,223
235,110100,2015/03/13,21,119.6048,39.966,222
236,110100,2015/03/13,21,130.2665,47.2932,204
237,110100,2015/03/13,21,121.5546,31.2561,193
238,110100,2015/03/13,21,130.2654,47.2912,188
239,110100,2015/03/13,21,121.5585,38.8784,171
240,110100,2015/03/13,21,124.3932,43.1784,170
241,110100,2015/03/13,21,121.488,31.1902,163
242,110100,2015/03/13,22,121.5622,38.8782,260
243,110100,2015/03/13,22,130.282,47.3391,257
244,110100,2015/03/13,22,119.6015,39.9556,240
245,110100,2015/03/13,22,130.2812,47.329,228
246,110100,2015/03/13,22,121.5614,31.262,207
247,110100,2015/03/13,22,117.7172,39.0344,201
248,110100,2015/03/13,22,118.5328,37.4724,181
249,110100,2015/03/13,22,121.3919,31.207,176
250,110100,2015/03/13,22,122.9897,41.1203,158
251,110100,2015/03/13,22,121.4886,31.1906,156
252,110100,2015/03/13,22,130.2695,47.2952,154
253,110100,2015/03/13,23,119.6002,39.9642,228
254,110100,2015/03/13,23,121.3906,31.2056,228
255,110100,2015/03/13,23,117.7116,39.0421,186
256,110100,2015/03/13,23,121.4909,31.1887,175
257,110100,2015/03/13,23,121.5638,31.2584,171
258,110100,2015/03/13,23,130.2845,47.3401,166
259,110100,2015/03/13,23,121.5575,38.8804,163
260,110100,2015/03/13,23,122.987,41.1306,159
261,110100,2015/03/13,23,123.4614,41.8123,156
262,110100,2015/03/13,23,116.4687,39.9152,150
263,110100,2015/03/13,23,121.5448,29.8704,150
id,city,date,hour,longitude,latitude,value
0,110100,2015/03/14,0,121.3892,31.2075,250
1,110100,2015/03/14,0,119.6052,39.9641,200
2,110100,2015/03/14,0,120.2006,35.961,198
3,110100,2015/03/14,0,123.4602,41.8165,182
4,110100,2015/03/14,0,121.4872,31.1925,164
5,110100,2015/03/14,0,121.5606,31.2614,163
6,110100,2015/03/14,0,117.7185,39.0327,143
7,110100,2015/03/14,0,106.2832,38.4813,139
8,110100,2015/03/14,0,116.467,39.921,135
9,110100,2015/03/14,0,121.5601,38.879,133
10,110100,2015/03/14,0,114.4049,30.5073,122
11,110100,2015/03/14,1,121.3969,31.2083,255
12,110100,2015/03/14,1,108.9547,34.2638,156
13,110100,2015/03/14,1,106.2815,38.4805,145
14,110100,2015/03/14,1,123.4569,41.8118,143
15,110100,2015/03/14,1,120.1927,35.9566,132
16,110100,2015/03/14,1,121.5596,31.2586,127
17,110100,2015/03/14,1,119.607,39.9631,127
18,110100,2015/03/14,1,113.0268,28.2005,125
19,110100,2015/03/14,1,117.7088,39.038,107
20,110100,2015/03/14,1,113.3121,23.1476,102
21,110100,2015/03/14,1,121.4978,31.1834,101
22,110100,2015/03/14,2,121.3947,31.2046,155
23,110100,2015/03/14,2,113.0225,28.1971,123
24,110100,2015/03/14,2,123.456,41.8215,110
25,110100,2015/03/14,2,106.2871,38.4864,109
26,110100,2015/03/14,2,119.604,39.9659,103
27,110100,2015/03/14,2,108.9537,34.263,100
28,110100,2015/03/14,2,121.5535,31.2623,90
29,110100,2015/03/14,2,121.5422,29.8645,88
30,110100,2015/03/14,2,113.3035,23.1511,80
31,110100,2015/03/14,2,113.2402,23.1397,78
32,110100,2015/03/14,2,120.2008,35.9609,77
33,110100,2015/03/14,3,113.0233,28.2016,87
34,110100,2015/03/14,3,113.3111,23.1513,85
35,110100,2015/03/14,3,123.4592,41.8111,82
36,110100,2015/03/14,3,121.394,31.2148,79
37,110100,2015/03/14,3,106.2916,38.4823,79
38,110100,2015/03/14,3,108.9522,34.2531,75
39,110100,2015/03/14,3,121.549,29.8681,69
40,110100,2015/03/14,3,113.2473,23.131,61
41,110100,2015/03/14,3,119.6023,39.96,57
42,110100,2015/03/14,3,116.463,39.9632,57
43,110100,2015/03/14,3,116.4708,39.9105,56
44,110100,2015/03/14,4,123.4615,41.8148,126
45,110100,2015/03/14,4,116.524,40.0249,79
46,110100,2015/03/14,4,116.515,40.0103,78
47,110100,2015/03/14,4,116.4886,39.9912,77
48,110100,2015/03/14,4,116.515,40.0083,75
49,110100,2015/03/14,4,116.5781,40.0369,73
50,110100,2015/03/14,4,116.5065,40.0042,73
51,110100,2015/03/14,4,113.0176,28.1975,71
52,110100,2015/03/14,4,116.5207,40.02,70
53,110100,2015/03/14,4,118.133,39.6299,70
54,110100,2015/03/14,4,116.5667,40.0381,68
55,110100,2015/03/14,5,123.4639,41.8165,210
56,110100,2015/03/14,5,130.2791,47.3412,182
57,110100,2015/03/14,5,116.5168,40.0042,143
58,110100,2015/03/14,5,130.277,47.3295,137
59,110100,2015/03/14,5,116.498,39.996,133
60,110100,2015/03/14,5,116.517,40.0155,133
61,110100,2015/03/14,5,116.5795,40.042,130
62,110100,2015/03/14,5,116.5043,40.0095,129
63,110100,2015/03/14,5,116.5233,40.016,129
64,110100,2015/03/14,5,119.6028,39.9548,124
65,110100,2015/03/14,5,116.5322,40.0226,120
66,110100,2015/03/14,6,130.2776,47.3396,317
67,110100,2015/03/14,6,123.4554,41.8207,276
68,110100,2015/03/14,6,121.5476,29.8685,255
69,110100,2015/03/14,6,130.2822,47.3278,242
70,110100,2015/03/14,6,116.5133,40.0054,233
71,110100,2015/03/14,6,119.6018,39.9563,231
72,110100,2015/03/14,6,116.5207,40.011,216
73,110100,2015/03/14,6,116.4965,39.9912,206
74,110100,2015/03/14,6,116.4987,40.0069,197
75,110100,2015/03/14,6,116.5032,40.007,195
76,110100,2015/03/14,6,114.4738,38.0718,191
77,110100,2015/03/14,7,130.279,47.3373,518
78,110100,2015/03/14,7,130.284,47.3251,436
79,110100,2015/03/14,7,121.5485,29.8718,413
80,110100,2015/03/14,7,123.4558,41.8182,329
81,110100,2015/03/14,7,119.6079,39.9573,304
82,110100,2015/03/14,7,120.192,35.9643,260
83,110100,2015/03/14,7,113.0174,28.2018,242
84,110100,2015/03/14,7,116.3822,39.8732,236
85,110100,2015/03/14,7,121.3899,31.2059,227
86,110100,2015/03/14,7,126.5688,43.8386,225
87,110100,2015/03/14,7,116.3222,39.9008,213
88,110100,2015/03/14,8,130.2833,47.3314,612
89,110100,2015/03/14,8,130.2834,47.3319,487
90,110100,2015/03/14,8,121.5442,29.8738,445
91,110100,2015/03/14,8,123.4626,41.8155,388
92,110100,2015/03/14,8,120.1963,35.9591,313
93,110100,2015/03/14,8,119.5993,39.9602,279
94,110100,2015/03/14,8,116.3676,39.9417,271
95,110100,2015/03/14,8,116.3577,39.9537,261
96,110100,2015/03/14,8,121.3901,31.2072,259
97,110100,2015/03/14,8,122.9914,41.1248,241
98,110100,2015/03/14,8,117.7108,39.0411,239
99,110100,2015/03/14,9,130.2836,47.34,632
100,110100,2015/03/14,9,130.287,47.3253,486
101,110100,2015/03/14,9,121.5452,29.8668,406
102,110100,2015/03/14,9,123.4584,41.8152,356
103,110100,2015/03/14,9,120.1961,35.9643,300
104,110100,2015/03/14,9,117.7155,39.0346,276
105,110100,2015/03/14,9,121.396,31.2092,276
106,110100,2015/03/14,9,116.3627,39.9393,265
107,110100,2015/03/14,9,122.9828,41.121,262
108,110100,2015/03/14,9,118.538,37.4703,254
109,110100,2015/03/14,9,116.3621,39.9495,247
110,110100,2015/03/14,10,130.2826,47.3432,636
111,110100,2015/03/14,10,130.287,47.3322,516
112,110100,2015/03/14,10,121.547,29.8677,315
113,110100,2015/03/14,10,120.1996,35.9643,306
114,110100,2015/03/14,10,117.7142,39.0354,292
115,110100,2015/03/14,10,123.4558,41.817,261
116,110100,2015/03/14,10,121.3967,31.2125,250
117,110100,2015/03/14,10,118.5406,37.4659,240
118,110100,2015/03/14,10,122.9814,41.1202,228
119,110100,2015/03/14,10,117.2277,34.2258,228
120,110100,2015/03/14,10,119.6012,39.9659,224
121,110100,2015/03/14,11,130.284,47.34,563
122,110100,2015/03/14,11,130.2786,47.3257,407
123,110100,2015/03/14,11,117.7092,39.0421,279
124,110100,2015/03/14,11,120.1998,35.9595,275
125,110100,2015/03/14,11,121.5481,29.8743,258
126,110100,2015/03/14,11,123.4566,41.8143,234
127,110100,2015/03/14,11,118.5313,37.4712,221
128,110100,2015/03/14,11,116.3612,39.9397,205
129,110100,2015/03/14,11,122.9896,41.1206,202
130,110100,2015/03/14,11,116.3668,39.9547,192
131,110100,2015/03/14,11,117.2263,34.2366,187
132,110100,2015/03/14,12,130.2855,47.3418,482
133,110100,2015/03/14,12,130.2754,47.3304,408
134,110100,2015/03/14,12,121.5424,29.8692,283
135,110100,2015/03/14,12,117.7072,39.035,283
136,110100,2015/03/14,12,120.1995,35.9603,266
137,110100,2015/03/14,12,116.3593,39.9479,212
138,110100,2015/03/14,12,122.9913,41.1203,210
139,110100,2015/03/14,12,116.364,39.9541,200
140,110100,2015/03/14,12,116.4702,39.938,185
141,110100,2015/03/14,12,116.4717,39.9181,178
142,110100,2015/03/14,12,116.4951,39.9987,176
143,110100,2015/03/14,13,130.2853,47.3433,483
144,110100,2015/03/14,13,130.2762,47.3296,381
145,110100,2015/03/14,13,120.1926,35.9625,306
146,110100,2015/03/14,13,121.5488,29.8661,274
147,110100,2015/03/14,13,117.7188,39.043,249
148,110100,2015/03/14,13,116.3614,39.9392,210
149,110100,2015/03/14,13,118.5312,37.4774,199
150,110100,2015/03/14,13,116.3661,39.9454,196
151,110100,2015/03/14,13,130.2671,47.2944,189
152,110100,2015/03/14,13,130.2738,47.2937,187
153,110100,2015/03/14,13,121.3962,31.2055,181
154,110100,2015/03/14,14,130.285,47.3414,453
155,110100,2015/03/14,14,130.2864,47.3287,385
156,110100,2015/03/14,14,120.196,35.9612,315
157,110100,2015/03/14,14,121.5445,29.8682,279
158,110100,2015/03/14,14,117.7106,39.0328,237
159,110100,2015/03/14,14,118.5407,37.4697,218
160,110100,2015/03/14,14,121.3907,31.2088,194
161,110100,2015/03/14,14,130.2651,47.3047,193
162,110100,2015/03/14,14,119.5976,39.9585,187
163,110100,2015/03/14,14,130.2732,47.2909,184
164,110100,2015/03/14,14,121.497,31.1896,177
165,110100,2015/03/14,15,130.276,47.3339,473
166,110100,2015/03/14,15,130.2808,47.3214,384
167,110100,2015/03/14,15,120.1933,35.956,306
168,110100,2015/03/14,15,121.5469,29.8661,287
169,110100,2015/03/14,15,118.5328,37.4775,234
170,110100,2015/03/14,15,117.7075,39.0383,230
171,110100,2015/03/14,15,121.395,31.2051,206
172,110100,2015/03/14,15,130.2691,47.2938,191
173,110100,2015/03/14,15,121.4955,31.1852,190
174,110100,2015/03/14,15,119.6079,39.9602,186
175,110100,2015/03/14,15,130.2698,47.3025,184
176,110100,2015/03/14,16,130.2798,47.3379,502
177,110100,2015/03/14,16,130.2764,47.3318,437
178,110100,2015/03/14,16,120.2019,35.9579,255
179,110100,2015/03/14,16,117.7169,39.0413,233
180,110100,2015/03/14,16,121.3954,31.2067,222
181,110100,2015/03/14,16,122.9815,41.126,219
182,110100,2015/03/14,16,130.2655,47.2832,217
183,110100,2015/03/14,16,130.2757,47.2971,217
184,110100,2015/03/14,16,118.5346,37.4764,216
185,110100,2015/03/14,16,119.6056,39.9644,213
186,110100,2015/03/14,16,121.5529,29.871,205
187,110100,2015/03/14,17,130.2805,47.3379,538
188,110100,2015/03/14,17,130.2869,47.3222,424
189,110100,2015/03/14,17,120.1977,35.9594,321
190,110100,2015/03/14,17,117.7093,39.0327,271
191,110100,2015/03/14,17,118.5335,37.4664,244
192,110100,2015/03/14,17,130.2755,47.2923,229
193,110100,2015/03/14,17,130.2721,47.3046,229
194,110100,2015/03/14,17,122.9891,41.1253,224
195,110100,2015/03/14,17,124.3912,43.1766,217
196,110100,2015/03/14,17,119.6071,39.9572,211
197,110100,2015/03/14,17,118.674,37.4462,191
198,110100,2015/03/14,18,130.2822,47.3403,474
199,110100,2015/03/14,18,130.2848,47.3319,395
200,110100,2015/03/14,18,120.1905,35.9637,333
201,110100,2015/03/14,18,117.7157,39.0334,316
202,110100,2015/03/14,18,118.5423,37.4752,261
203,110100,2015/03/14,18,121.5512,29.87,239
204,110100,2015/03/14,18,119.6083,39.9546,234
205,110100,2015/03/14,18,122.9825,41.1234,223
206,110100,2015/03/14,18,130.2668,47.2821,213
207,110100,2015/03/14,18,124.3901,43.1751,211
208,110100,2015/03/14,18,130.2701,47.2942,194
209,110100,2015/03/14,19,130.287,47.3338,410
210,110100,2015/03/14,19,130.2809,47.3269,360
211,110100,2015/03/14,19,120.2013,35.9572,329
212,110100,2015/03/14,19,119.6078,39.9645,277
213,110100,2015/03/14,19,117.7144,39.0368,273
214,110100,2015/03/14,19,118.5374,37.4673,231
215,110100,2015/03/14,19,122.9873,41.1237,228
216,110100,2015/03/14,19,121.5437,29.8666,206
217,110100,2015/03/14,19,116.4744,39.9122,202
218,110100,2015/03/14,19,124.3884,43.1769,195
219,110100,2015/03/14,19,130.2648,47.3,188
220,110100,2015/03/14,20,130.2791,47.3362,384
221,110100,2015/03/14,20,130.2859,47.3268,355
222,110100,2015/03/14,20,120.2006,35.9642,296
223,110100,2015/03/14,20,119.6004,39.9611,287
224,110100,2015/03/14,20,117.7144,39.0346,248
225,110100,2015/03/14,20,122.9902,41.1209,230
226,110100,2015/03/14,20,118.5324,37.4661,207
227,110100,2015/03/14,20,130.2692,47.2959,199
228,110100,2015/03/14,20,130.2709,47.282,192
229,110100,2015/03/14,20,116.4569,39.968,175
230,110100,2015/03/14,20,116.4725,39.9154,173
231,110100,2015/03/14,21,130.2853,47.3262,321
232,110100,2015/03/14,21,119.6044,39.9549,314
233,110100,2015/03/14,21,130.2848,47.3346,302
234,110100,2015/03/14,21,120.197,35.9554,296
235,110100,2015/03/14,21,122.9908,41.126,204
236,110100,2015/03/14,21,117.7133,39.0361,199
237,110100,2015/03/14,21,118.5322,37.4773,197
238,110100,2015/03/14,21,130.2718,47.2835,184
239,110100,2015/03/14,21,130.2723,47.304,177
240,110100,2015/03/14,21,121.564,38.8839,170
241,110100,2015/03/14,21,116.3651,39.952,163
242,110100,2015/03/14,22,120.2015,35.9636,333
243,110100,2015/03/14,22,119.6005,39.9607,283
244,110100,2015/03/14,22,130.2827,47.3422,246
245,110100,2015/03/14,22,121.563,38.8809,232
246,110100,2015/03/14,22,130.2787,47.3299,207
247,110100,2015/03/14,22,117.7129,39.0391,192
248,110100,2015/03/14,22,118.5344,37.4754,181
249,110100,2015/03/14,22,121.5531,31.2598,162
250,110100,2015/03/14,22,121.5475,29.8699,161
251,110100,2015/03/14,22,121.4925,31.1904,160
252,110100,2015/03/14,22,122.9862,41.1208,153
253,110100,2015/03/14,23,120.1936,35.9564,283
254,110100,2015/03/14,23,119.6025,39.9545,208
255,110100,2015/03/14,23,123.4614,41.8125,192
256,110100,2015/03/14,23,117.7085,39.0379,189
257,110100,2015/03/14,23,121.5573,31.2576,172
258,110100,2015/03/14,23,121.5591,38.8875,167
259,110100,2015/03/14,23,121.4883,31.1885,160
260,110100,2015/03/14,23,116.4663,39.9206,154
261,110100,2015/03/14,23,130.2772,47.3339,154
262,110100,2015/03/14,23,116.3584,39.9482,153
263,110100,2015/03/14,23,121.3984,31.2078,149
id,city,date,hour,longitude,latitude,value
0,110100,2015/03/15,0,120.1951,35.9631,201
1,110100,2015/03/15,0,123.4529,41.8125,188
2,110100,2015/03/15,0,121.5616,31.2646,160
3,110100,2015/03/15,0,114.4029,30.5082,160
4,110100,2015/03/15,0,117.7161,39.0358,155
5,110100,2015/03/15,0,119.5998,39.9624,150
6,110100,2015/03/15,0,108.9624,34.264,148
7,110100,2015/03/15,0,121.3894,31.2078,148
8,110100,2015/03/15,0,121.4975,31.1866,146
9,110100,2015/03/15,0,106.2823,38.4802,135
10,110100,2015/03/15,0,116.3574,39.9444,133
11,110100,2015/03/15,1,121.3929,31.2126,175
12,110100,2015/03/15,1,108.9607,34.2537,157
13,110100,2015/03/15,1,120.1913,35.9668,149
14,110100,2015/03/15,1,106.2925,38.4787,144
15,110100,2015/03/15,1,121.5618,31.2565,140
16,110100,2015/03/15,1,123.4533,41.8123,136
17,110100,2015/03/15,1,113.0207,28.2038,135
18,110100,2015/03/15,1,114.4053,30.5037,128
19,110100,2015/03/15,1,116.4573,39.9545,116
20,110100,2015/03/15,1,116.4582,39.9596,114
21,110100,2015/03/15,1,116.3564,39.9406,112
22,110100,2015/03/15,2,121.3887,31.2153,128
23,110100,2015/03/15,2,113.0207,28.2019,127
24,110100,2015/03/15,2,123.462,41.8208,106
25,110100,2015/03/15,2,108.9556,34.2599,102
26,110100,2015/03/15,2,116.3846,39.96,94
27,110100,2015/03/15,2,120.1991,35.9629,94
28,110100,2015/03/15,2,116.4715,39.9112,88
29,110100,2015/03/15,2,116.3799,39.9774,87
30,110100,2015/03/15,2,116.366,39.9084,84
31,110100,2015/03/15,2,116.4765,39.9382,83
32,110100,2015/03/15,2,121.5487,29.8669,82
33,110100,2015/03/15,3,113.026,28.1954,111
34,110100,2015/03/15,3,121.3971,31.2131,96
35,110100,2015/03/15,3,123.454,41.8224,78
36,110100,2015/03/15,3,116.3875,39.9523,74
37,110100,2015/03/15,3,116.4715,39.9183,74
38,110100,2015/03/15,3,116.4368,39.9198,74
39,110100,2015/03/15,3,116.4423,39.9409,70
40,110100,2015/03/15,3,113.3112,23.1498,69
41,110100,2015/03/15,3,116.4327,39.9299,68
42,110100,2015/03/15,3,116.3569,39.9532,66
43,110100,2015/03/15,3,108.9516,34.2631,65
44,110100,2015/03/15,4,123.4603,41.8111,94
45,110100,2015/03/15,4,113.0237,28.2033,93
46,110100,2015/03/15,4,116.443,39.92,81
47,110100,2015/03/15,4,116.4947,39.9975,80
48,110100,2015/03/15,4,116.5118,40.0202,79
49,110100,2015/03/15,4,116.5252,40.0252,78
50,110100,2015/03/15,4,116.512,40.0063,76
51,110100,2015/03/15,4,116.5071,40.0034,74
52,110100,2015/03/15,4,116.5799,40.0456,74
53,110100,2015/03/15,4,116.5607,40.0357,74
54,110100,2015/03/15,4,116.5647,40.0311,72
55,110100,2015/03/15,5,130.2852,47.3402,222
56,110100,2015/03/15,5,116.5196,40.0102,184
57,110100,2015/03/15,5,123.4595,41.818,179
58,110100,2015/03/15,5,116.5146,40.0188,178
59,110100,2015/03/15,5,116.4938,39.9937,175
60,110100,2015/03/15,5,116.507,39.9995,171
61,110100,2015/03/15,5,116.5255,40.0233,167
62,110100,2015/03/15,5,116.5871,40.0476,161
63,110100,2015/03/15,5,116.5665,40.0395,154
64,110100,2015/03/15,5,116.5529,40.0336,151
65,110100,2015/03/15,5,116.5276,40.0215,151
66,110100,2015/03/15,6,130.2814,47.3318,310
67,110100,2015/03/15,6,123.4629,41.8171,273
68,110100,2015/03/15,6,121.5464,29.8661,265
69,110100,2015/03/15,6,130.2864,47.3303,261
70,110100,2015/03/15,6,116.4911,39.9934,256
71,110100,2015/03/15,6,119.6075,39.9652,253
72,110100,2015/03/15,6,116.5126,40.0138,240
73,110100,2015/03/15,6,116.5031,39.9991,226
74,110100,2015/03/15,6,116.5135,40.0208,218
75,110100,2015/03/15,6,116.4933,39.9938,216
76,110100,2015/03/15,6,114.4875,38.0209,215
77,110100,2015/03/15,7,130.2849,47.341,560
78,110100,2015/03/15,7,130.2829,47.3205,459
79,110100,2015/03/15,7,121.5415,29.8745,405
80,110100,2015/03/15,7,119.6068,39.9546,343
81,110100,2015/03/15,7,123.4581,41.8115,319
82,110100,2015/03/15,7,116.4926,39.9924,277
83,110100,2015/03/15,7,116.5214,40.012,270
84,110100,2015/03/15,7,130.2648,47.3307,268
85,110100,2015/03/15,7,116.5036,40.0047,256
86,110100,2015/03/15,7,116.4979,39.9976,244
87,110100,2015/03/15,7,116.5203,40.0182,241
88,110100,2015/03/15,8,130.2799,47.3343,650
89,110100,2015/03/15,8,130.276,47.3294,502
90,110100,2015/03/15,8,121.5468,29.8655,408
91,110100,2015/03/15,8,123.4623,41.8194,348
92,110100,2015/03/15,8,119.6084,39.9593,300
93,110100,2015/03/15,8,120.1936,35.9647,281
94,110100,2015/03/15,8,116.4944,39.9926,280
95,110100,2015/03/15,8,116.4635,39.9702,279
96,110100,2015/03/15,8,116.4559,39.9606,265
97,110100,2015/03/15,8,116.3609,39.9529,261
98,110100,2015/03/15,8,122.9866,41.1288,257
99,110100,2015/03/15,9,130.2764,47.3427,652
100,110100,2015/03/15,9,130.2872,47.3226,500
101,110100,2015/03/15,9,121.5424,29.8691,399
102,110100,2015/03/15,9,123.4622,41.8129,329
103,110100,2015/03/15,9,121.3909,31.2052,300
104,110100,2015/03/15,9,116.3648,39.9474,299
105,110100,2015/03/15,9,120.1994,35.964,297
106,110100,2015/03/15,9,116.3642,39.9449,284
107,110100,2015/03/15,9,116.457,39.9587,281
108,110100,2015/03/15,9,116.461,39.9649,273
109,110100,2015/03/15,9,116.3798,39.959,270
110,110100,2015/03/15,10,130.286,47.34,605
111,110100,2015/03/15,10,130.2812,47.3275,457
112,110100,2015/03/15,10,121.5443,29.8733,350
113,110100,2015/03/15,10,116.3557,39.9396,314
114,110100,2015/03/15,10,120.1909,35.9608,307
115,110100,2015/03/15,10,116.3572,39.9513,306
116,110100,2015/03/15,10,123.4587,41.8221,289
117,110100,2015/03/15,10,117.7099,39.0389,272
118,110100,2015/03/15,10,118.5395,37.4746,269
119,110100,2015/03/15,10,116.3846,39.9505,266
120,110100,2015/03/15,10,121.3968,31.2045,261
121,110100,2015/03/15,11,130.277,47.3375,558
122,110100,2015/03/15,11,130.2774,47.3254,411
123,110100,2015/03/15,11,121.5498,29.8639,312
124,110100,2015/03/15,11,120.1976,35.9601,276
125,110100,2015/03/15,11,117.7137,39.0413,271
126,110100,2015/03/15,11,116.4756,39.9547,263
127,110100,2015/03/15,11,116.3582,39.9466,263
128,110100,2015/03/15,11,119.6045,39.9547,254
129,110100,2015/03/15,11,116.3598,39.9503,253
130,110100,2015/03/15,11,116.4583,39.9646,247
131,110100,2015/03/15,11,116.4769,39.9564,243
132,110100,2015/03/15,12,130.2811,47.3337,468
133,110100,2015/03/15,12,130.2769,47.3212,378
134,110100,2015/03/15,12,121.5526,29.8642,282
135,110100,2015/03/15,12,120.1997,35.9614,250
136,110100,2015/03/15,12,116.3674,39.9738,249
137,110100,2015/03/15,12,116.359,39.9481,246
138,110100,2015/03/15,12,117.7088,39.0428,245
139,110100,2015/03/15,12,116.4674,39.9561,245
140,110100,2015/03/15,12,116.474,39.9135,242
141,110100,2015/03/15,12,122.9891,41.1293,241
142,110100,2015/03/15,12,116.3658,39.9439,241
143,110100,2015/03/15,13,130.2866,47.3411,473
144,110100,2015/03/15,13,130.2842,47.3291,375
145,110100,2015/03/15,13,121.5421,29.8716,315
146,110100,2015/03/15,13,122.9924,41.1261,251
147,110100,2015/03/15,13,117.708,39.0393,239
148,110100,2015/03/15,13,120.1914,35.9593,238
149,110100,2015/03/15,13,116.3626,39.9489,235
150,110100,2015/03/15,13,117.2303,34.2318,227
151,110100,2015/03/15,13,116.3626,39.9524,219
152,110100,2015/03/15,13,116.3863,39.9722,213
153,110100,2015/03/15,13,116.3637,39.9672,210
154,110100,2015/03/15,14,130.2841,47.3348,473
155,110100,2015/03/15,14,130.2868,47.3267,375
156,110100,2015/03/15,14,121.5505,29.8651,294
157,110100,2015/03/15,14,117.2259,34.2307,254
158,110100,2015/03/15,14,117.7162,39.032,252
159,110100,2015/03/15,14,118.5342,37.4661,247
160,110100,2015/03/15,14,116.3633,39.9454,228
161,110100,2015/03/15,14,122.9872,41.121,227
162,110100,2015/03/15,14,120.1968,35.9654,222
163,110100,2015/03/15,14,121.4904,31.1888,217
164,110100,2015/03/15,14,116.3592,39.95,216
165,110100,2015/03/15,15,130.2837,47.3353,493
166,110100,2015/03/15,15,130.2852,47.3213,389
167,110100,2015/03/15,15,121.5526,29.8732,287
168,110100,2015/03/15,15,118.5402,37.4732,243
169,110100,2015/03/15,15,117.2307,34.2365,243
170,110100,2015/03/15,15,117.7093,39.0409,239
171,110100,2015/03/15,15,119.6052,39.9612,220
172,110100,2015/03/15,15,116.3588,39.9458,197
173,110100,2015/03/15,15,116.3619,39.9449,190
174,110100,2015/03/15,15,121.3944,31.2133,190
175,110100,2015/03/15,15,118.6635,37.447,188
176,110100,2015/03/15,16,130.28,47.3334,559
177,110100,2015/03/15,16,130.2812,47.3219,426
178,110100,2015/03/15,16,117.7165,39.0401,265
179,110100,2015/03/15,16,118.5379,37.4693,243
180,110100,2015/03/15,16,117.2336,34.2317,234
181,110100,2015/03/15,16,121.5435,29.8652,229
182,110100,2015/03/15,16,118.6641,37.4392,217
183,110100,2015/03/15,16,119.6054,39.9654,211
184,110100,2015/03/15,16,122.9917,41.1276,207
185,110100,2015/03/15,16,121.3904,31.207,204
186,110100,2015/03/15,16,130.2665,47.2826,199
187,110100,2015/03/15,17,130.2766,47.334,542
188,110100,2015/03/15,17,130.2822,47.3312,449
189,110100,2015/03/15,17,118.5373,37.4739,284
190,110100,2015/03/15,17,117.712,39.0385,281
191,110100,2015/03/15,17,121.5573,38.8777,244
192,110100,2015/03/15,17,116.3627,39.9506,232
193,110100,2015/03/15,17,122.9917,41.1254,231
194,110100,2015/03/15,17,119.6012,39.9607,225
195,110100,2015/03/15,17,130.2762,47.29,224
196,110100,2015/03/15,17,116.3574,39.9384,222
197,110100,2015/03/15,17,130.2662,47.3033,215
198,110100,2015/03/15,18,130.2802,47.3331,480
199,110100,2015/03/15,18,130.2834,47.3236,385
200,110100,2015/03/15,18,117.7173,39.0395,320
201,110100,2015/03/15,18,118.5311,37.4776,288
202,110100,2015/03/15,18,122.9877,41.1271,254
203,110100,2015/03/15,18,116.3639,39.9466,250
204,110100,2015/03/15,18,116.3606,39.9487,249
205,110100,2015/03/15,18,121.5471,29.8635,245
206,110100,2015/03/15,18,119.5986,39.9551,231
207,110100,2015/03/15,18,130.2701,47.2837,227
208,110100,2015/03/15,18,121.5549,38.8883,222
209,110100,2015/03/15,19,130.2761,47.3406,413
210,110100,2015/03/15,19,130.276,47.3279,356
211,110100,2015/03/15,19,119.6085,39.9624,278
212,110100,2015/03/15,19,117.7174,39.0406,260
213,110100,2015/03/15,19,116.3583,39.9386,254
214,110100,2015/03/15,19,120.2011,35.966,241
215,110100,2015/03/15,19,116.456,39.9622,240
216,110100,2015/03/15,19,121.5621,38.8865,237
217,110100,2015/03/15,19,121.5527,29.8655,236
218,110100,2015/03/15,19,116.3674,39.9483,235
219,110100,2015/03/15,19,122.9864,41.1255,233
220,110100,2015/03/15,20,130.283,47.3419,372
221,110100,2015/03/15,20,130.2784,47.3273,323
222,110100,2015/03/15,20,119.599,39.9637,296
223,110100,2015/03/15,20,121.5612,38.8819,280
224,110100,2015/03/15,20,116.3675,39.9444,260
225,110100,2015/03/15,20,120.1906,35.9652,259
226,110100,2015/03/15,20,118.5351,37.4756,248
227,110100,2015/03/15,20,117.7178,39.0342,248
228,110100,2015/03/15,20,116.3618,39.9494,246
229,110100,2015/03/15,20,116.4551,39.9605,224
230,110100,2015/03/15,20,122.9844,41.1294,219
231,110100,2015/03/15,21,130.2868,47.3352,333
232,110100,2015/03/15,21,130.2767,47.3283,304
233,110100,2015/03/15,21,121.5634,38.8816,293
234,110100,2015/03/15,21,119.5986,39.9592,285
235,110100,2015/03/15,21,120.1966,35.9634,260
236,110100,2015/03/15,21,118.5314,37.4736,237
237,110100,2015/03/15,21,116.3575,39.9389,225
238,110100,2015/03/15,21,117.7182,39.0373,221
239,110100,2015/03/15,21,116.3614,39.9497,219
240,110100,2015/03/15,21,122.9914,41.1267,211
241,110100,2015/03/15,21,116.3583,39.9912,205
242,110100,2015/03/15,22,120.1916,35.9656,300
243,110100,2015/03/15,22,121.5601,38.8802,282
244,110100,2015/03/15,22,119.605,39.9546,279
245,110100,2015/03/15,22,130.277,47.3392,251
246,110100,2015/03/15,22,130.2869,47.3221,212
247,110100,2015/03/15,22,116.3798,39.9716,208
248,110100,2015/03/15,22,116.3605,39.9695,208
249,110100,2015/03/15,22,116.4632,39.9624,207
250,110100,2015/03/15,22,116.3615,39.9461,206
251,110100,2015/03/15,22,121.3934,31.2105,203
252,110100,2015/03/15,22,121.5543,31.26,203
253,110100,2015/03/15,23,120.1939,35.9572,255
254,110100,2015/03/15,23,116.3896,39.9901,222
255,110100,2015/03/15,23,114.4013,30.5007,219
256,110100,2015/03/15,23,116.3795,39.9816,216
257,110100,2015/03/15,23,119.6018,39.9583,210
258,110100,2015/03/15,23,116.3651,39.9948,210
259,110100,2015/03/15,23,116.3599,39.973,205
260,110100,2015/03/15,23,121.4876,31.1873,203
261,110100,2015/03/15,23,116.4609,39.9613,198
262,110100,2015/03/15,23,116.3603,39.9511,196
263,110100,2015/03/15,23,116.4646,39.9643,194
id,city,date,hour,longitude,latitude,value
0,110100,2015/03/16,0,114.401,30.5099,213
1,110100,2015/03/16,0,116.4619,39.9614,186
2,110100,2015/03/16,0,116.4978,39.9948,186
3,110100,2015/03/16,0,121.5562,31.2572,180
4,110100,2015/03/16,0,113.0176,28.203,179
5,110100,2015/03/16,0,116.461,39.9627,175
6,110100,2015/03/16,0,123.4538,41.8182,168
7,110100,2015/03/16,0,120.1926,35.9644,167
8,110100,2015/03/16,0,116.4753,39.9105,167
9,110100,2015/03/16,0,116.3631,39.9709,165
10,110100,2015/03/16,0,121.3903,31.211,163
11,110100,2015/03/16,1,121.3907,31.2077,188
12,110100,2015/03/16,1,114.4113,30.5069,150
13,110100,2015/03/16,1,113.0243,28.1936,150
14,110100,2015/03/16,1,116.3897,39.9935,133
15,110100,2015/03/16,1,108.9523,34.2543,129
16,110100,2015/03/16,1,116.4739,39.9344,129
17,110100,2015/03/16,1,116.5141,40.0136,129
18,110100,2015/03/16,1,123.4535,41.8226,127
19,110100,2015/03/16,1,116.3586,39.9946,127
20,110100,2015/03/16,1,116.4603,39.9613,126
21,110100,2015/03/16,1,116.4889,39.9978,125
22,110100,2015/03/16,2,121.3976,31.2141,144
23,110100,2015/03/16,2,116.4572,39.9599,120
24,110100,2015/03/16,2,116.4578,39.9709,119
25,110100,2015/03/16,2,123.4577,41.8115,114
26,110100,2015/03/16,2,116.4362,39.9171,111
27,110100,2015/03/16,2,116.4719,39.9108,107
28,110100,2015/03/16,2,116.4446,39.9154,106
29,110100,2015/03/16,2,116.3185,39.9542,104
30,110100,2015/03/16,2,116.4771,39.9346,102
31,110100,2015/03/16,2,113.0204,28.201,101
32,110100,2015/03/16,2,116.3126,39.9467,101
33,110100,2015/03/16,3,116.4418,39.9111,126
34,110100,2015/03/16,3,116.4331,39.9147,124
35,110100,2015/03/16,3,116.4761,39.9417,114
36,110100,2015/03/16,3,116.4375,39.955,93
37,110100,2015/03/16,3,116.4656,39.9694,93
38,110100,2015/03/16,3,116.4584,39.9587,91
39,110100,2015/03/16,3,116.4683,39.9111,89
40,110100,2015/03/16,3,116.4458,39.9365,89
41,110100,2015/03/16,3,116.4418,39.9324,86
42,110100,2015/03/16,3,116.5203,40.0063,84
43,110100,2015/03/16,3,116.4435,39.9362,84
44,110100,2015/03/16,4,116.4342,39.9147,103
45,110100,2015/03/16,4,116.4909,39.9882,101
46,110100,2015/03/16,4,116.4383,39.9165,100
47,110100,2015/03/16,4,116.5135,40.0175,100
48,110100,2015/03/16,4,116.5158,40.0049,98
49,110100,2015/03/16,4,116.5827,40.0434,94
50,110100,2015/03/16,4,116.5655,40.0405,91
51,110100,2015/03/16,4,113.0245,28.1969,89
52,110100,2015/03/16,4,116.4697,39.9818,89
53,110100,2015/03/16,4,116.5289,40.0244,89
54,110100,2015/03/16,4,116.503,40.0093,89
55,110100,2015/03/16,5,116.52,40.0047,245
56,110100,2015/03/16,5,116.5177,40.0182,244
57,110100,2015/03/16,5,116.5019,39.9988,244
58,110100,2015/03/16,5,116.4901,39.9959,225
59,110100,2015/03/16,5,116.4988,40.011,224
60,110100,2015/03/16,5,116.5862,40.0423,221
61,110100,2015/03/16,5,116.5744,40.0399,216
62,110100,2015/03/16,5,116.5271,40.0243,213
63,110100,2015/03/16,5,130.2785,47.3386,208
64,110100,2015/03/16,5,123.4586,41.8156,208
65,110100,2015/03/16,5,116.4941,40.003,205
66,110100,2015/03/16,6,130.2858,47.3216,415
67,110100,2015/03/16,6,130.2835,47.3383,400
68,110100,2015/03/16,6,121.5521,29.8645,320
69,110100,2015/03/16,6,116.516,40.0057,304
70,110100,2015/03/16,6,116.582,40.0409,290
71,110100,2015/03/16,6,123.4535,41.8133,290
72,110100,2015/03/16,6,116.5175,40.0171,281
73,110100,2015/03/16,6,114.4861,38.0118,276
74,110100,2015/03/16,6,116.5089,40.0079,274
75,110100,2015/03/16,6,114.4961,38.0155,267
76,110100,2015/03/16,6,116.4953,39.9929,267
77,110100,2015/03/16,7,130.2855,47.3364,593
78,110100,2015/03/16,7,130.2834,47.3284,482
79,110100,2015/03/16,7,121.5465,29.8731,376
80,110100,2015/03/16,7,117.708,39.0383,289
81,110100,2015/03/16,7,119.6068,39.9633,283
82,110100,2015/03/16,7,116.5849,40.0419,270
83,110100,2015/03/16,7,116.5099,40.0056,269
84,110100,2015/03/16,7,116.5053,40.0051,250
85,110100,2015/03/16,7,116.5192,40.0124,244
86,110100,2015/03/16,7,116.5087,40.0088,238
87,110100,2015/03/16,7,118.5408,37.4696,234
88,110100,2015/03/16,8,130.2798,47.3372,556
89,110100,2015/03/16,8,130.281,47.3267,520
90,110100,2015/03/16,8,117.7128,39.0426,486
91,110100,2015/03/16,8,120.1973,35.966,286
92,110100,2015/03/16,8,121.5494,29.8727,278
93,110100,2015/03/16,8,118.5354,37.4755,266
94,110100,2015/03/16,8,119.6034,39.958,255
95,110100,2015/03/16,8,130.2731,47.3235,250
96,110100,2015/03/16,8,118.6695,37.4418,247
97,110100,2015/03/16,8,116.4901,40.0005,231
98,110100,2015/03/16,8,116.514,40.0139,222
99,110100,2015/03/16,9,130.283,47.3394,450
100,110100,2015/03/16,9,117.7145,39.0361,439
101,110100,2015/03/16,9,130.279,47.3267,381
102,110100,2015/03/16,9,121.5466,29.8671,344
103,110100,2015/03/16,9,120.1956,35.9613,320
104,110100,2015/03/16,9,121.3991,31.2116,310
105,110100,2015/03/16,9,116.456,39.9633,295
106,110100,2015/03/16,9,116.3586,39.9427,287
107,110100,2015/03/16,9,116.3178,39.9431,276
108,110100,2015/03/16,9,116.3647,39.9251,275
109,110100,2015/03/16,9,116.4759,39.9159,275
110,110100,2015/03/16,10,116.3665,39.946,445
111,110100,2015/03/16,10,116.4682,39.9171,424
112,110100,2015/03/16,10,116.3654,39.9475,422
113,110100,2015/03/16,10,116.3223,39.9442,408
114,110100,2015/03/16,10,130.2768,47.3334,397
115,110100,2015/03/16,10,116.4708,39.9176,389
116,110100,2015/03/16,10,121.5455,29.8672,377
117,110100,2015/03/16,10,116.4649,39.9619,371
118,110100,2015/03/16,10,116.356,39.9961,368
119,110100,2015/03/16,10,116.4565,39.9586,364
120,110100,2015/03/16,10,116.362,39.971,361
121,110100,2015/03/16,11,116.3664,39.9385,477
122,110100,2015/03/16,11,116.3573,39.9523,470
123,110100,2015/03/16,11,116.4578,39.9557,440
124,110100,2015/03/16,11,116.4735,39.9217,428
125,110100,2015/03/16,11,116.312,39.9525,423
126,110100,2015/03/16,11,116.4559,39.967,419
127,110100,2015/03/16,11,116.4729,39.9553,413
128,110100,2015/03/16,11,116.4704,39.9184,403
129,110100,2015/03/16,11,116.4768,39.9569,398
130,110100,2015/03/16,11,130.2808,47.3325,381
131,110100,2015/03/16,11,116.4316,39.9805,378
132,110100,2015/03/16,12,116.3581,39.9462,422
133,110100,2015/03/16,12,116.4754,39.9166,418
134,110100,2015/03/16,12,116.3674,39.9464,399
135,110100,2015/03/16,12,116.4723,39.9255,395
136,110100,2015/03/16,12,116.4555,39.9597,391
137,110100,2015/03/16,12,116.4671,39.9292,385
138,110100,2015/03/16,12,116.4713,39.9407,379
139,110100,2015/03/16,12,116.4652,39.9671,377
140,110100,2015/03/16,12,116.4705,39.9652,377
141,110100,2015/03/16,12,116.3148,39.9449,377
142,110100,2015/03/16,12,116.4764,39.955,377
143,110100,2015/03/16,13,116.3584,39.9246,413
144,110100,2015/03/16,13,116.357,39.9451,410
145,110100,2015/03/16,13,116.3645,39.9524,402
146,110100,2015/03/16,13,116.4631,39.9633,399
147,110100,2015/03/16,13,116.4651,39.955,396
148,110100,2015/03/16,13,116.4671,39.9211,378
149,110100,2015/03/16,13,130.2761,47.3365,361
150,110100,2015/03/16,13,116.4703,39.9536,356
151,110100,2015/03/16,13,116.3641,39.9227,354
152,110100,2015/03/16,13,116.4772,39.926,354
153,110100,2015/03/16,13,116.3181,39.9469,351
154,110100,2015/03/16,14,116.3631,39.9443,412
155,110100,2015/03/16,14,116.3613,39.9495,396
156,110100,2015/03/16,14,116.3605,39.9234,383
157,110100,2015/03/16,14,116.4626,39.965,383
158,110100,2015/03/16,14,116.4649,39.9602,377
159,110100,2015/03/16,14,130.2805,47.3378,376
160,110100,2015/03/16,14,116.3896,39.978,358
161,110100,2015/03/16,14,121.5466,29.8751,357
162,110100,2015/03/16,14,116.3205,39.952,356
163,110100,2015/03/16,14,116.3592,39.9719,349
164,110100,2015/03/16,14,116.4754,39.9581,333
165,110100,2015/03/16,15,116.3583,39.939,404
166,110100,2015/03/16,15,116.4595,39.9608,396
167,110100,2015/03/16,15,116.4586,39.9565,394
168,110100,2015/03/16,15,130.2796,47.3318,393
169,110100,2015/03/16,15,116.356,39.9766,378
170,110100,2015/03/16,15,116.3668,39.9176,373
171,110100,2015/03/16,15,116.473,39.9101,372
172,110100,2015/03/16,15,116.3597,39.9531,372
173,110100,2015/03/16,15,116.3214,39.9445,359
174,110100,2015/03/16,15,116.3787,39.978,358
175,110100,2015/03/16,15,121.5522,29.8734,350
176,110100,2015/03/16,16,130.2758,47.3339,433
177,110100,2015/03/16,16,117.714,39.0415,383
178,110100,2015/03/16,16,130.2817,47.3307,371
179,110100,2015/03/16,16,116.4558,39.9704,357
180,110100,2015/03/16,16,116.3653,39.9437,350
181,110100,2015/03/16,16,116.4571,39.9617,345
182,110100,2015/03/16,16,116.3668,39.9216,334
183,110100,2015/03/16,16,116.3893,39.9788,334
184,110100,2015/03/16,16,116.4662,39.9125,333
185,110100,2015/03/16,16,116.357,39.9529,324
186,110100,2015/03/16,16,116.476,39.9245,314
187,110100,2015/03/16,17,130.2792,47.3337,454
188,110100,2015/03/16,17,130.2853,47.3315,382
189,110100,2015/03/16,17,117.7173,39.0431,379
190,110100,2015/03/16,17,116.4706,39.9193,321
191,110100,2015/03/16,17,116.4762,39.9174,318
192,110100,2015/03/16,17,116.465,39.9632,309
193,110100,2015/03/16,17,116.4604,39.9659,299
194,110100,2015/03/16,17,116.3187,39.9827,288
195,110100,2015/03/16,17,116.4314,39.9789,288
196,110100,2015/03/16,17,116.3872,39.9816,284
197,110100,2015/03/16,17,116.4679,39.9559,278
198,110100,2015/03/16,18,130.2807,47.3379,401
199,110100,2015/03/16,18,117.7178,39.0323,386
200,110100,2015/03/16,18,130.2804,47.3233,336
201,110100,2015/03/16,18,120.2017,35.9589,313
202,110100,2015/03/16,18,116.4764,39.9552,297
203,110100,2015/03/16,18,116.4656,39.9488,295
204,110100,2015/03/16,18,116.4619,39.9656,294
205,110100,2015/03/16,18,116.3827,39.9791,294
206,110100,2015/03/16,18,116.4642,39.9617,291
207,110100,2015/03/16,18,116.3129,39.9912,289
208,110100,2015/03/16,18,118.5328,37.4706,281
209,110100,2015/03/16,19,116.4573,39.9611,369
210,110100,2015/03/16,19,130.2859,47.3419,364
211,110100,2015/03/16,19,116.3175,39.9885,358
212,110100,2015/03/16,19,116.4565,39.9636,342
213,110100,2015/03/16,19,120.197,35.9564,335
214,110100,2015/03/16,19,119.6057,39.9601,328
215,110100,2015/03/16,19,117.7142,39.035,327
216,110100,2015/03/16,19,130.2774,47.3232,322
217,110100,2015/03/16,19,116.3284,39.9749,310
218,110100,2015/03/16,19,116.4532,39.9745,308
219,110100,2015/03/16,19,116.3638,39.9701,305
220,110100,2015/03/16,20,119.5968,39.9605,366
221,110100,2015/03/16,20,130.278,47.332,331
222,110100,2015/03/16,20,130.2873,47.3238,326
223,110100,2015/03/16,20,120.2008,35.9585,321
224,110100,2015/03/16,20,116.4591,39.959,319
225,110100,2015/03/16,20,116.46,39.9606,319
226,110100,2015/03/16,20,117.7188,39.0386,319
227,110100,2015/03/16,20,116.3199,39.9859,319
228,110100,2015/03/16,20,116.4764,39.9173,304
229,110100,2015/03/16,20,116.4733,39.9221,299
230,110100,2015/03/16,20,116.4303,39.9743,288
231,110100,2015/03/16,21,119.5993,39.9595,342
232,110100,2015/03/16,21,120.1914,35.9582,310
233,110100,2015/03/16,21,130.2849,47.3398,308
234,110100,2015/03/16,21,116.3894,39.9908,301
235,110100,2015/03/16,21,116.3578,39.9897,281
236,110100,2015/03/16,21,121.3928,31.2106,281
237,110100,2015/03/16,21,130.282,47.3254,271
238,110100,2015/03/16,21,116.3881,39.9747,266
239,110100,2015/03/16,21,116.4634,39.9633,262
240,110100,2015/03/16,21,117.7151,39.0396,260
241,110100,2015/03/16,21,116.3155,39.9037,259
242,110100,2015/03/16,22,120.1996,35.9617,296
243,110100,2015/03/16,22,119.6037,39.9559,291
244,110100,2015/03/16,22,116.4609,39.9713,266
245,110100,2015/03/16,22,121.3923,31.2152,262
246,110100,2015/03/16,22,121.5597,31.2559,260
247,110100,2015/03/16,22,116.3137,39.9075,254
248,110100,2015/03/16,22,116.3874,39.971,249
249,110100,2015/03/16,22,121.5534,38.878,246
250,110100,2015/03/16,22,116.3597,39.9475,246
251,110100,2015/03/16,22,116.4616,39.9652,245
252,110100,2015/03/16,22,116.3074,40.06,244
253,110100,2015/03/16,23,121.3926,31.2109,289
254,110100,2015/03/16,23,116.4718,39.9125,277
255,110100,2015/03/16,23,116.4596,39.9574,269
256,110100,2015/03/16,23,116.4609,39.9595,269
257,110100,2015/03/16,23,116.4752,39.9158,267
258,110100,2015/03/16,23,116.3809,39.9874,263
259,110100,2015/03/16,23,116.3206,39.9885,258
260,110100,2015/03/16,23,116.3013,40.0613,255
261,110100,2015/03/16,23,120.1959,35.9555,245
262,110100,2015/03/16,23,121.5636,31.2578,244
263,110100,2015/03/16,23,116.4712,39.9154,239
id,city,date,hour,longitude,latitude,value
0,110100,2015/03/17,0,121.3887,31.2151,283
1,110100,2015/03/17,0,116.4774,39.916,270
2,110100,2015/03/17,0,116.3169,39.9888,259
3,110100,2015/03/17,0,116.469,39.9233,248
4,110100,2015/03/17,0,116.3176,39.9786,234
5,110100,2015/03/17,0,116.4639,39.963,224
6,110100,2015/03/17,0,116.4631,39.9658,222
7,110100,2015/03/17,0,116.4923,39.9896,221
8,110100,2015/03/17,0,116.4747,39.9123,220
9,110100,2015/03/17,0,123.4613,41.8139,205
10,110100,2015/03/17,0,116.3128,39.9511,204
11,110100,2015/03/17,1,116.474,39.9116,240
12,110100,2015/03/17,1,116.4657,39.9182,211
13,110100,2015/03/17,1,121.3941,31.2097,208
14,110100,2015/03/17,1,116.4733,39.9049,199
15,110100,2015/03/17,1,116.4703,39.9391,194
16,110100,2015/03/17,1,116.4566,39.9657,193
17,110100,2015/03/17,1,116.4642,39.963,188
18,110100,2015/03/17,1,116.4677,39.9316,183
19,110100,2015/03/17,1,116.4498,39.9372,179
20,110100,2015/03/17,1,116.4407,39.914,179
21,110100,2015/03/17,1,116.4956,39.9959,178
22,110100,2015/03/17,2,116.4679,39.9187,211
23,110100,2015/03/17,2,116.4762,39.9063,177
24,110100,2015/03/17,2,116.4775,39.9392,170
25,110100,2015/03/17,2,116.4619,39.9574,166
26,110100,2015/03/17,2,116.4561,39.9645,165
27,110100,2015/03/17,2,116.4455,39.9427,159
28,110100,2015/03/17,2,116.4699,39.9045,157
29,110100,2015/03/17,2,116.4694,39.9213,156
30,110100,2015/03/17,2,116.4716,39.9285,155
31,110100,2015/03/17,2,116.4715,39.9072,144
32,110100,2015/03/17,2,116.4396,39.9116,142
33,110100,2015/03/17,3,116.4749,39.9439,137
34,110100,2015/03/17,3,116.4615,39.9627,137
35,110100,2015/03/17,3,116.4477,39.9413,133
36,110100,2015/03/17,3,116.4664,39.9702,126
37,110100,2015/03/17,3,116.4714,39.9551,122
38,110100,2015/03/17,3,116.4705,39.9607,120
39,110100,2015/03/17,3,116.4739,39.9128,120
40,110100,2015/03/17,3,116.4693,39.9317,113
41,110100,2015/03/17,3,116.4656,39.9363,112
42,110100,2015/03/17,3,116.4703,39.9538,110
43,110100,2015/03/17,3,116.4692,39.9234,107
44,110100,2015/03/17,4,116.4917,39.9987,126
45,110100,2015/03/17,4,116.4421,39.9132,123
46,110100,2015/03/17,4,116.5132,40.0138,120
47,110100,2015/03/17,4,116.463,39.9647,119
48,110100,2015/03/17,4,116.5053,40.0029,117
49,110100,2015/03/17,4,116.4668,39.9209,112
50,110100,2015/03/17,4,116.45,39.9368,112
51,110100,2015/03/17,4,116.4769,39.9829,111
52,110100,2015/03/17,4,116.4662,39.9639,110
53,110100,2015/03/17,4,116.4445,39.9061,109
54,110100,2015/03/17,4,116.4874,39.9804,109
55,110100,2015/03/17,5,116.5096,40.0108,304
56,110100,2015/03/17,5,116.512,40.02,301
57,110100,2015/03/17,5,116.5059,40.0036,278
58,110100,2015/03/17,5,116.5809,40.0457,274
59,110100,2015/03/17,5,116.4948,39.9986,259
60,110100,2015/03/17,5,116.5684,40.0379,259
61,110100,2015/03/17,5,116.5024,40.0096,257
62,110100,2015/03/17,5,116.5318,40.0151,256
63,110100,2015/03/17,5,116.596,40.0483,249
64,110100,2015/03/17,5,116.5575,40.0341,242
65,110100,2015/03/17,5,116.5546,40.0276,239
66,110100,2015/03/17,6,130.2857,47.3349,411
67,110100,2015/03/17,6,116.5139,40.0079,401
68,110100,2015/03/17,6,130.2774,47.321,396
69,110100,2015/03/17,6,116.5121,40.0194,393
70,110100,2015/03/17,6,116.5003,40.0105,357
71,110100,2015/03/17,6,116.5072,40.004,356
72,110100,2015/03/17,6,116.5826,40.0396,350
73,110100,2015/03/17,6,116.4985,39.9882,338
74,110100,2015/03/17,6,123.4542,41.8186,309
75,110100,2015/03/17,6,116.5215,40.0212,304
76,110100,2015/03/17,6,121.3359,31.194,303
77,110100,2015/03/17,7,130.2793,47.335,615
78,110100,2015/03/17,7,130.2825,47.3262,492
79,110100,2015/03/17,7,121.5519,29.8701,404
80,110100,2015/03/17,7,119.5986,39.9625,294
81,110100,2015/03/17,7,117.7112,39.0357,285
82,110100,2015/03/17,7,116.516,40.0078,252
83,110100,2015/03/17,7,120.1996,35.9659,245
84,110100,2015/03/17,7,106.2863,38.4788,240
85,110100,2015/03/17,7,124.3937,43.1783,239
86,110100,2015/03/17,7,116.5158,40.0115,235
87,110100,2015/03/17,7,116.5069,40.0103,233
88,110100,2015/03/17,8,130.2811,47.334,655
89,110100,2015/03/17,8,130.2845,47.3275,567
90,110100,2015/03/17,8,117.7186,39.032,503
91,110100,2015/03/17,8,119.5995,39.9627,309
92,110100,2015/03/17,8,121.5452,29.8718,305
93,110100,2015/03/17,8,118.5353,37.4732,294
94,110100,2015/03/17,8,130.2677,47.3253,291
95,110100,2015/03/17,8,120.2001,35.9647,265
96,110100,2015/03/17,8,116.5158,40.0132,241
97,110100,2015/03/17,8,118.6727,37.4461,230
98,110100,2015/03/17,8,116.4968,39.9981,229
99,110100,2015/03/17,9,130.2824,47.3377,597
100,110100,2015/03/17,9,117.7116,39.0409,497
101,110100,2015/03/17,9,130.2826,47.3262,478
102,110100,2015/03/17,9,121.5507,29.8675,326
103,110100,2015/03/17,9,119.6029,39.9592,317
104,110100,2015/03/17,9,120.1906,35.965,315
105,110100,2015/03/17,9,116.4894,39.9976,292
106,110100,2015/03/17,9,116.492,39.9884,283
107,110100,2015/03/17,9,116.4659,39.961,277
108,110100,2015/03/17,9,121.3946,31.2071,263
109,110100,2015/03/17,9,116.3581,39.9386,257
110,110100,2015/03/17,10,130.2799,47.3382,558
111,110100,2015/03/17,10,130.2784,47.3317,450
112,110100,2015/03/17,10,117.7167,39.0417,407
113,110100,2015/03/17,10,116.3223,39.9927,389
114,110100,2015/03/17,10,116.3184,39.9911,370
115,110100,2015/03/17,10,121.5427,29.8669,367
116,110100,2015/03/17,10,116.3614,39.9438,351
117,110100,2015/03/17,10,116.3586,39.9186,350
118,110100,2015/03/17,10,116.3658,39.9449,344
119,110100,2015/03/17,10,116.3347,39.9694,337
120,110100,2015/03/17,10,116.4587,39.9544,332
121,110100,2015/03/17,11,130.2827,47.3363,550
122,110100,2015/03/17,11,130.2779,47.3309,442
123,110100,2015/03/17,11,116.3676,39.9496,416
124,110100,2015/03/17,11,116.36,39.9487,402
125,110100,2015/03/17,11,116.3635,39.9667,397
126,110100,2015/03/17,11,116.4642,39.9657,383
127,110100,2015/03/17,11,116.3308,39.9667,379
128,110100,2015/03/17,11,116.3204,39.953,377
129,110100,2015/03/17,11,116.3604,39.993,370
130,110100,2015/03/17,11,116.4675,39.9156,370
131,110100,2015/03/17,11,116.4682,39.9532,370
132,110100,2015/03/17,12,130.2777,47.3364,449
133,110100,2015/03/17,12,116.4729,39.9179,427
134,110100,2015/03/17,12,116.3675,39.942,415
135,110100,2015/03/17,12,116.3653,39.9536,405
136,110100,2015/03/17,12,116.4771,39.9242,376
137,110100,2015/03/17,12,116.3182,39.9503,365
138,110100,2015/03/17,12,116.4662,39.9607,354
139,110100,2015/03/17,12,116.3832,39.979,352
140,110100,2015/03/17,12,116.36,39.9961,345
141,110100,2015/03/17,12,116.4625,39.9705,345
142,110100,2015/03/17,12,121.5523,29.8682,343
143,110100,2015/03/17,13,130.287,47.3363,453
144,110100,2015/03/17,13,116.4577,39.9559,359
145,110100,2015/03/17,13,116.3573,39.9424,355
146,110100,2015/03/17,13,130.2864,47.3286,351
147,110100,2015/03/17,13,116.4744,39.9159,347
148,110100,2015/03/17,13,116.4732,39.9212,346
149,110100,2015/03/17,13,116.3667,39.9542,341
150,110100,2015/03/17,13,121.552,29.8707,338
151,110100,2015/03/17,13,116.3585,39.9271,337
152,110100,2015/03/17,13,116.4592,39.9656,334
153,110100,2015/03/17,13,116.4688,39.9602,321
154,110100,2015/03/17,14,130.2781,47.332,462
155,110100,2015/03/17,14,130.2848,47.3243,389
156,110100,2015/03/17,14,117.7097,39.0388,334
157,110100,2015/03/17,14,121.5488,29.8708,327
158,110100,2015/03/17,14,116.3576,39.9918,317
159,110100,2015/03/17,14,116.3642,39.9451,315
160,110100,2015/03/17,14,120.192,35.966,314
161,110100,2015/03/17,14,116.3672,39.9511,314
162,110100,2015/03/17,14,116.3626,39.9248,309
163,110100,2015/03/17,14,116.3568,39.9668,309
164,110100,2015/03/17,14,116.4612,39.9638,308
165,110100,2015/03/17,15,130.2754,47.3361,495
166,110100,2015/03/17,15,130.2844,47.326,402
167,110100,2015/03/17,15,116.3589,39.9962,351
168,110100,2015/03/17,15,121.5523,29.8659,341
169,110100,2015/03/17,15,116.3634,39.9437,335
170,110100,2015/03/17,15,116.3559,39.9446,333
171,110100,2015/03/17,15,116.4731,39.92,329
172,110100,2015/03/17,15,116.382,39.9968,321
173,110100,2015/03/17,15,116.3783,39.9789,315
174,110100,2015/03/17,15,116.463,39.9664,315
175,110100,2015/03/17,15,117.7085,39.041,315
176,110100,2015/03/17,16,130.2803,47.3389,511
177,110100,2015/03/17,16,130.2859,47.3321,456
178,110100,2015/03/17,16,117.7174,39.0384,323
179,110100,2015/03/17,16,116.3623,39.9494,319
180,110100,2015/03/17,16,116.4588,39.9681,315
181,110100,2015/03/17,16,116.3657,39.9532,314
182,110100,2015/03/17,16,116.3789,39.9795,312
183,110100,2015/03/17,16,116.4681,39.9206,310
184,110100,2015/03/17,16,116.3657,39.9896,307
185,110100,2015/03/17,16,116.4641,39.9557,306
186,110100,2015/03/17,16,116.3229,39.9924,303
187,110100,2015/03/17,17,130.2855,47.3359,551
188,110100,2015/03/17,17,130.277,47.3281,473
189,110100,2015/03/17,17,117.7136,39.0346,417
190,110100,2015/03/17,17,116.4627,39.9711,292
191,110100,2015/03/17,17,120.1957,35.9636,281
192,110100,2015/03/17,17,116.4561,39.9652,281
193,110100,2015/03/17,17,116.4757,39.962,264
194,110100,2015/03/17,17,116.4702,39.9555,262
195,110100,2015/03/17,17,116.319,39.9879,260
196,110100,2015/03/17,17,116.4771,39.913,256
197,110100,2015/03/17,17,119.6039,39.9656,256
198,110100,2015/03/17,18,130.2825,47.3374,517
199,110100,2015/03/17,18,117.7178,39.0422,457
200,110100,2015/03/17,18,130.2852,47.3319,415
201,110100,2015/03/17,18,120.1974,35.9582,312
202,110100,2015/03/17,18,118.5366,37.4706,297
203,110100,2015/03/17,18,119.6075,39.9556,296
204,110100,2015/03/17,18,116.4751,39.9547,289
205,110100,2015/03/17,18,116.4569,39.9572,287
206,110100,2015/03/17,18,116.4731,39.9547,280
207,110100,2015/03/17,18,116.4664,39.9699,274
208,110100,2015/03/17,18,116.3866,39.9762,272
209,110100,2015/03/17,19,130.28,47.3405,448
210,110100,2015/03/17,19,116.3224,39.9903,395
211,110100,2015/03/17,19,130.2815,47.3271,381
212,110100,2015/03/17,19,116.461,39.9561,372
213,110100,2015/03/17,19,117.7175,39.0369,370
214,110100,2015/03/17,19,116.4652,39.9666,361
215,110100,2015/03/17,19,120.1978,35.9666,353
216,110100,2015/03/17,19,116.4713,39.963,347
217,110100,2015/03/17,19,116.3655,39.9465,341
218,110100,2015/03/17,19,116.3625,39.9749,326
219,110100,2015/03/17,19,116.3639,39.9432,322
220,110100,2015/03/17,20,130.2801,47.3418,370
221,110100,2015/03/17,20,116.3183,39.99,366
222,110100,2015/03/17,20,116.4557,39.9612,358
223,110100,2015/03/17,20,119.6003,39.9635,358
224,110100,2015/03/17,20,130.2806,47.3302,345
225,110100,2015/03/17,20,116.4581,39.9686,341
226,110100,2015/03/17,20,116.38,39.9794,329
227,110100,2015/03/17,20,116.4693,39.9191,329
228,110100,2015/03/17,20,116.3646,39.9914,327
229,110100,2015/03/17,20,116.4752,39.9231,324
230,110100,2015/03/17,20,116.3596,39.9396,321
231,110100,2015/03/17,21,116.3804,39.9885,348
232,110100,2015/03/17,21,116.3884,39.9724,333
233,110100,2015/03/17,21,130.2772,47.3367,324
234,110100,2015/03/17,21,119.6069,39.9621,323
235,110100,2015/03/17,21,116.4629,39.9669,313
236,110100,2015/03/17,21,116.4658,39.9583,310
237,110100,2015/03/17,21,116.4759,39.918,303
238,110100,2015/03/17,21,130.2869,47.3303,299
239,110100,2015/03/17,21,116.472,39.92,282
240,110100,2015/03/17,21,116.3623,39.9746,279
241,110100,2015/03/17,21,120.1995,35.9627,277
242,110100,2015/03/17,22,120.1908,35.9606,302
243,110100,2015/03/17,22,121.3879,31.2082,299
244,110100,2015/03/17,22,116.3237,39.8997,292
245,110100,2015/03/17,22,116.477,39.9217,288
246,110100,2015/03/17,22,116.383,39.9953,286
247,110100,2015/03/17,22,121.5588,31.2593,281
248,110100,2015/03/17,22,119.5988,39.9655,280
249,110100,2015/03/17,22,116.3889,39.9736,280
250,110100,2015/03/17,22,116.4691,39.8984,271
251,110100,2015/03/17,22,116.4254,39.9733,267
252,110100,2015/03/17,22,116.4706,39.9224,265
253,110100,2015/03/17,23,116.4687,39.9177,356
254,110100,2015/03/17,23,116.4747,39.9183,339
255,110100,2015/03/17,23,116.4701,39.9137,317
256,110100,2015/03/17,23,121.3988,31.2131,300
257,110100,2015/03/17,23,116.3888,39.9873,287
258,110100,2015/03/17,23,121.5567,31.2601,283
259,110100,2015/03/17,23,116.4577,39.9603,278
260,110100,2015/03/17,23,116.4693,39.9238,274
261,110100,2015/03/17,23,116.4658,39.8994,270
262,110100,2015/03/17,23,116.4596,39.9588,270
263,110100,2015/03/17,23,116.3821,39.9731,268
