id,city,date,hour,longitude,latitude,value,address
1,110100,2016/05/01,1,116.308,39.8612,7.0,
2,110100,2016/05/01,1,116.3197,39.8284,17.0,
3,110100,2016/05/01,1,116.3571,40.04,9.0,
4,110100,2016/05/01,1,116.4577,39.9678,16.67,
5,110100,2016/05/01,1,116.8654,40.4017,13.0,
6,110100,2016/05/01,1,116.3034,39.8225,12.0,
7,110100,2016/05/01,1,116.1105,39.9508,10.0,
8,110100,2016/05/01,1,116.3447,39.8873,29.0,
9,110100,2016/05/01,1,116.4502,39.9887,106.0,
10,110100,2016/05/01,1,116.4085,39.9792,14.0,
11,110100,2016/05/01,1,116.5677,39.8527,29.0,
12,110100,2016/05/01,2,116.4258,39.923,22.14,
13,110100,2016/05/01,2,116.4707,39.877,66.0,
14,110100,2016/05/01,2,116.4048,39.9562,22.0,
15,110100,2016/05/01,2,116.4432,39.9119,17.2,
16,110100,2016/05/01,2,115.9631,39.7253,15.5,
17,110100,2016/05/01,2,116.3596,39.9993,15.0,
18,110100,2016/05/01,2,116.8442,40.3682,8.0,
19,110100,2016/05/01,2,116.464,39.939,38.4,
20,110100,2016/05/01,2,116.5351,39.9216,12.5,
21,110100,2016/05/01,2,116.4506,39.9388,30.0,
22,110100,2016/05/01,2,116.3768,39.9553,27.0,
23,110100,2016/05/01,3,116.4301,40.0803,12.0,
24,110100,2016/05/01,3,116.4154,39.9344,8.0,
25,110100,2016/05/01,3,116.2406,40.2133,59.0,
26,110100,2016/05/01,3,116.5312,39.9211,28.67,
27,110100,2016/05/01,3,116.5657,39.9285,9.0,
28,110100,2016/05/01,3,116.8653,40.4019,27.33,
29,110100,2016/05/01,3,116.4237,40.0023,16.0,
30,110100,2016/05/01,3,116.3608,39.8519,11.0,
31,110100,2016/05/01,3,116.6386,39.8862,147.0,
32,110100,2016/05/01,3,116.2859,39.8439,21.0,
33,110100,2016/05/01,3,116.4805,39.9588,14.0,
34,110100,2016/05/01,4,116.3557,39.982,7.0,
35,110100,2016/05/01,4,116.4183,39.9478,15.0,
36,110100,2016/05/01,4,116.6964,39.94,69.0,
37,110100,2016/05/01,4,116.5823,39.9285,8.0,
38,110100,2016/05/01,4,116.2355,39.8807,50.0,
39,110100,2016/05/01,4,116.239,39.896,8.0,
40,110100,2016/05/01,4,116.4837,39.9431,8.0,
41,110100,2016/05/01,4,116.3653,39.944,27.0,
42,110100,2016/05/01,4,116.3902,39.9106,14.0,
43,110100,2016/05/01,4,116.3478,39.9727,68.0,
44,110100,2016/05/01,4,116.8665,40.4022,14.0,
45,110100,2016/05/01,5,116.176,39.9245,85.0,
46,110100,2016/05/01,5,116.4749,39.9501,34.0,
47,110100,2016/05/01,5,116.3472,39.9306,12.5,
48,110100,2016/05/01,5,116.4736,39.9364,55.0,
49,110100,2016/05/01,5,116.3759,39.9955,21.5,
50,110100,2016/05/01,5,116.3458,39.8834,13.0,
51,110100,2016/05/01,5,116.3621,39.9617,29.67,
52,110100,2016/05/01,5,116.525,39.8969,115.5,
53,110100,2016/05/01,5,116.8303,40.3807,13.0,
54,110100,2016/05/01,5,116.4253,39.9035,27.0,
55,110100,2016/05/01,5,116.4649,39.9946,59.0,
56,110100,2016/05/01,6,116.448,40.0686,62.0,
57,110100,2016/05/01,6,116.374,39.968,7.0,
58,110100,2016/05/01,6,116.686,39.8723,34.0,
59,110100,2016/05/01,6,116.5644,39.7724,51.0,
60,110100,2016/05/01,6,116.502,39.9523,32.0,
61,110100,2016/05/01,6,116.4927,39.9739,20.0,
62,110100,2016/05/01,6,116.4906,39.9211,10.67,
63,110100,2016/05/01,6,116.6795,40.3784,67.0,
64,110100,2016/05/01,6,116.3359,40.0482,19.5,
65,110100,2016/05/01,6,116.703,39.8986,68.0,
66,110100,2016/05/01,6,116.2543,40.2054,8.0,
67,110100,2016/05/01,7,116.4154,40.063,10.33,
68,110100,2016/05/01,7,116.3585,39.9053,9.0,
69,110100,2016/05/01,7,116.2879,39.9702,10.0,
70,110100,2016/05/01,7,116.0818,39.7159,8.0,
71,110100,2016/05/01,7,116.4585,39.911,9.67,
72,110100,2016/05/01,7,116.7429,39.8465,152.0,
73,110100,2016/05/01,7,116.5524,39.7684,9.0,
74,110100,2016/05/01,7,116.5805,39.8569,8.0,
75,110100,2016/05/01,7,116.3363,39.8805,38.25,
76,110100,2016/05/01,7,116.5587,39.7308,9.0,
77,110100,2016/05/01,7,116.3378,39.8927,74.5,
78,110100,2016/05/01,8,116.833,40.3769,7.38,
79,110100,2016/05/01,8,116.6493,40.1443,13.33,
80,110100,2016/05/01,8,116.6773,40.2155,7.5,
81,110100,2016/05/01,8,116.6418,39.8887,26.44,
82,110100,2016/05/01,8,116.6415,40.3301,20.05,
83,110100,2016/05/01,8,116.4868,39.908,10.0,
84,110100,2016/05/01,8,116.3444,39.7544,48.5,
85,110100,2016/05/01,8,116.509,39.7632,10.0,
86,110100,2016/05/01,8,115.9912,40.4529,6.0,
87,110100,2016/05/01,8,117.1046,40.1501,7.0,
88,110100,2016/05/01,8,116.0166,39.7101,10.0,
89,110100,2016/05/01,9,116.1352,39.7174,60.0,
90,110100,2016/05/01,9,116.2826,39.929,34.14,
91,110100,2016/05/01,9,117.2966,40.2222,54.0,
92,110100,2016/05/01,9,116.3135,40.1182,52.0,
93,110100,2016/05/01,9,116.4565,39.891,50.0,
94,110100,2016/05/01,9,116.6802,39.9362,48.33,
95,110100,2016/05/01,9,116.6981,40.3552,120.0,
96,110100,2016/05/01,9,117.0805,40.1703,10.0,
97,110100,2016/05/01,9,116.4238,39.8702,25.67,
98,110100,2016/05/01,9,116.5035,39.9142,46.57,
99,110100,2016/05/01,9,116.667,40.324,16.6,
100,110100,2016/05/01,10,116.6917,40.1171,40.33,
101,110100,2016/05/01,10,117.0818,40.1734,56.0,
102,110100,2016/05/01,10,116.3109,40.2137,8.0,
103,110100,2016/05/01,10,116.1412,39.7541,55.0,
104,110100,2016/05/01,10,116.4896,39.8698,23.0,
105,110100,2016/05/01,10,116.4237,39.9016,52.0,
106,110100,2016/05/01,10,116.5055,39.7944,15.0,
107,110100,2016/05/01,10,116.5118,39.9048,75.0,
108,110100,2016/05/01,10,116.3867,39.8702,16.0,
109,110100,2016/05/01,10,117.1224,40.1797,12.67,
110,110100,2016/05/01,10,116.2956,40.2126,12.0,
111,110100,2016/05/01,11,116.4129,39.863,34.33,
112,110100,2016/05/01,11,116.2252,39.9833,46.0,
113,110100,2016/05/01,11,116.2304,39.9008,64.25,
114,110100,2016/05/01,11,116.5568,39.9268,50.5,
115,110100,2016/05/01,11,116.4729,39.9561,10.16,
116,110100,2016/05/01,11,116.4295,40.1116,13.0,
117,110100,2016/05/01,11,116.2782,39.9335,29.75,
118,110100,2016/05/01,11,116.6469,40.1328,15.29,
119,110100,2016/05/01,11,116.3412,40.0792,71.33,
120,110100,2016/05/01,11,116.3867,39.8702,8.0,
121,110100,2016/05/01,11,116.9331,40.4447,113.0,
122,110100,2016/05/01,12,116.636,39.9055,41.0,
123,110100,2016/05/01,12,116.4772,39.9148,41.3,
124,110100,2016/05/01,12,116.3867,39.8702,28.0,
125,110100,2016/05/01,12,116.3993,39.9793,10.0,
126,110100,2016/05/01,12,116.6454,40.3337,23.92,
127,110100,2016/05/01,12,116.7049,39.9232,40.39,
128,110100,2016/05/01,12,116.5434,39.9226,54.0,
129,110100,2016/05/01,12,116.3727,40.0234,16.0,
130,110100,2016/05/01,12,116.6397,40.2715,83.0,
131,110100,2016/05/01,12,117.1169,40.1437,13.4,
132,110100,2016/05/01,12,116.5059,39.7976,25.0,
133,110100,2016/05/01,13,117.1535,40.1384,16.0,
134,110100,2016/05/01,13,116.2914,39.9376,28.33,
135,110100,2016/05/01,13,116.637,40.291,82.0,
136,110100,2016/05/01,13,116.3777,40.1051,118.0,
137,110100,2016/05/01,13,116.2593,39.9076,19.0,
138,110100,2016/05/01,13,116.6272,40.2971,39.0,
139,110100,2016/05/01,13,116.3101,39.8311,26.0,
140,110100,2016/05/01,13,116.5959,39.9113,67.0,
141,110100,2016/05/01,13,116.3375,39.9493,40.57,
142,110100,2016/05/01,13,116.1984,39.9485,52.5,
143,110100,2016/05/01,13,116.6011,40.0872,16.8,
144,110100,2016/05/01,14,116.4324,39.9393,69.17,
145,110100,2016/05/01,14,116.6498,40.3618,37.8,
146,110100,2016/05/01,14,116.5529,39.8157,46.0,
147,110100,2016/05/01,14,116.4755,39.9987,41.5,
148,110100,2016/05/01,14,116.3884,39.9253,37.5,
149,110100,2016/05/01,14,116.3122,39.9697,41.0,
150,110100,2016/05/01,14,116.2122,39.9226,65.0,
151,110100,2016/05/01,14,116.3699,39.9045,59.0,
152,110100,2016/05/01,14,116.308,40.0578,66.14,
153,110100,2016/05/01,14,116.7044,39.8938,22.67,
154,110100,2016/05/01,14,116.3196,40.0796,57.5,
155,110100,2016/05/01,15,116.8585,40.4258,91.5,
156,110100,2016/05/01,15,116.387,40.1078,15.0,
157,110100,2016/05/01,15,116.3874,40.0153,64.0,
158,110100,2016/05/01,15,116.8752,40.3904,8.81,
159,110100,2016/05/01,15,116.3773,39.9069,66.0,
160,110100,2016/05/01,15,116.652,39.8979,57.04,
161,110100,2016/05/01,15,116.3299,39.9026,31.67,
162,110100,2016/05/01,15,116.2474,39.9832,82.0,
163,110100,2016/05/01,15,116.3441,39.7881,31.5,
164,110100,2016/05/01,15,116.4731,39.9559,49.54,
165,110100,2016/05/01,15,116.2796,39.8986,13.0,
166,110100,2016/05/01,16,116.8543,40.3801,10.53,
167,110100,2016/05/01,16,116.3169,40.0723,46.14,
168,110100,2016/05/01,16,116.5139,39.8017,52.33,
169,110100,2016/05/01,16,116.254,40.087,9.0,
170,110100,2016/05/01,16,116.3847,39.9864,35.71,
171,110100,2016/05/01,16,116.5521,39.8212,44.0,
172,110100,2016/05/01,16,116.8823,40.4013,7.75,
173,110100,2016/05/01,16,116.6743,40.3267,28.85,
174,110100,2016/05/01,16,116.6913,39.9189,42.17,
175,110100,2016/05/01,16,116.6291,40.3033,54.54,
176,110100,2016/05/01,16,116.7112,39.9478,79.0,
177,110100,2016/05/01,17,116.4639,39.9054,35.85,
178,110100,2016/05/01,17,116.2459,39.9635,29.0,
179,110100,2016/05/01,17,116.6529,39.9461,68.0,
180,110100,2016/05/01,17,116.4696,40.0026,22.67,
181,110100,2016/05/01,17,116.6865,40.2908,11.5,
182,110100,2016/05/01,17,116.2817,39.9711,23.5,
183,110100,2016/05/01,17,116.2783,40.0839,89.0,
184,110100,2016/05/01,17,116.6984,39.8899,97.5,
185,110100,2016/05/01,17,116.3053,40.154,10.0,
186,110100,2016/05/01,17,116.2812,40.0089,70.67,
187,110100,2016/05/01,17,116.5003,39.9937,55.0,
188,110100,2016/05/01,18,116.4841,39.9057,92.0,
189,110100,2016/05/01,18,116.6598,40.1422,30.2,
190,110100,2016/05/01,18,115.9844,40.4662,8.39,
191,110100,2016/05/01,18,116.4447,39.9036,56.0,
192,110100,2016/05/01,18,116.5469,40.3026,50.0,
193,110100,2016/05/01,18,115.9927,39.7097,19.5,
194,110100,2016/05/01,18,116.4616,39.8557,19.0,
195,110100,2016/05/01,18,116.443,39.9928,28.33,
196,110100,2016/05/01,18,116.604,39.9375,21.0,
197,110100,2016/05/01,18,116.2406,40.2293,34.76,
198,110100,2016/05/01,18,116.4353,39.911,49.0,
199,110100,2016/05/01,19,116.6475,40.0644,24.0,
200,110100,2016/05/01,19,116.478,39.9381,31.8,
201,110100,2016/05/01,19,116.2799,39.9467,48.0,
202,110100,2016/05/01,19,116.3305,39.7953,76.67,
203,110100,2016/05/01,19,116.643,40.3124,62.75,
204,110100,2016/05/01,19,116.3568,40.0134,20.5,
205,110100,2016/05/01,19,116.2831,39.9276,40.0,
206,110100,2016/05/01,19,116.3589,39.764,36.0,
207,110100,2016/05/01,19,116.476,39.924,71.11,
208,110100,2016/05/01,19,116.6005,40.0844,5.67,
209,110100,2016/05/01,19,116.2354,40.2351,35.82,
210,110100,2016/05/01,20,116.4959,39.9932,21.4,
211,110100,2016/05/01,20,116.6516,40.1281,15.67,
212,110100,2016/05/01,20,116.714,39.9266,41.25,
213,110100,2016/05/01,20,116.3421,39.7556,37.0,
214,110100,2016/05/01,20,116.3328,39.9346,33.5,
215,110100,2016/05/01,20,116.2996,39.8371,8.0,
216,110100,2016/05/01,20,116.5293,39.931,62.43,
217,110100,2016/05/01,20,116.4993,39.9464,26.0,
218,110100,2016/05/01,20,116.3652,39.8935,68.67,
219,110100,2016/05/01,20,116.4162,40.0007,25.88,
220,110100,2016/05/01,20,116.4518,39.9606,16.6,
221,110100,2016/05/01,21,116.3042,39.9569,56.8,
222,110100,2016/05/01,21,116.2299,40.2262,95.33,
223,110100,2016/05/01,21,116.3134,40.0484,37.83,
224,110100,2016/05/01,21,116.6721,39.8812,37.47,
225,110100,2016/05/01,21,116.2833,39.7637,10.0,
226,110100,2016/05/01,21,116.4374,39.9686,24.75,
227,110100,2016/05/01,21,116.2472,40.221,51.35,
228,110100,2016/05/01,21,116.6482,40.2949,7.0,
229,110100,2016/05/01,21,115.983,40.4656,47.09,
230,110100,2016/05/01,21,116.6368,40.3572,72.0,
231,110100,2016/05/01,21,116.3282,40.0015,78.0,
232,110100,2016/05/01,22,116.3008,40.1008,26.0,
233,110100,2016/05/01,22,116.5613,40.288,75.0,
234,110100,2016/05/01,22,116.51,39.922,98.0,
235,110100,2016/05/01,22,116.8807,40.398,29.75,
236,110100,2016/05/01,22,116.3991,40.0176,19.0,
237,110100,2016/05/01,22,116.479,39.8651,12.0,
238,110100,2016/05/01,22,116.4642,39.8708,39.0,
239,110100,2016/05/01,22,116.2579,39.9078,22.0,
240,110100,2016/05/01,22,116.4084,39.9963,14.0,
241,110100,2016/05/01,22,116.3503,40.0227,34.0,
242,110100,2016/05/01,22,116.4555,39.8502,14.0,
243,110100,2016/05/01,23,116.4139,40.0115,26.0,
244,110100,2016/05/01,23,116.6944,40.3058,47.0,
245,110100,2016/05/01,23,116.696,39.9431,56.0,
246,110100,2016/05/01,23,116.1423,39.7293,20.75,
247,110100,2016/05/01,23,116.5349,39.9206,28.0,
248,110100,2016/05/01,23,116.4059,39.9496,62.8,
249,110100,2016/05/01,23,116.5179,40.1086,159.0,
250,110100,2016/05/01,23,116.4255,39.9399,59.33,
251,110100,2016/05/01,23,116.3743,39.845,41.25,
252,110100,2016/05/01,23,116.4987,39.9412,44.75,
253,110100,2016/05/01,23,116.7098,39.8556,34.5,
254,110100,2016/05/01,24,116.4629,39.8473,21.5,
255,110100,2016/05/01,24,116.3384,39.7692,59.0,
256,110100,2016/05/01,24,116.4446,40.053,32.0,
257,110100,2016/05/01,24,116.1355,39.7197,75.0,
258,110100,2016/05/01,24,116.3699,39.9053,33.0,
259,110100,2016/05/01,24,116.3724,39.9769,23.5,
260,110100,2016/05/01,24,116.5148,39.9362,45.75,
261,110100,2016/05/01,24,116.4006,39.9709,13.0,
262,110100,2016/05/01,24,116.674,39.8887,62.25,
263,110100,2016/05/01,24,116.4457,39.8518,42.5,
264,110100,2016/05/01,24,116.3432,39.7558,16.0,
id,city,date,hour,longitude,latitude,value,address
1,110100,2016/05/02,1,116.4966,39.9173,15.0,
2,110100,2016/05/02,1,116.6933,39.878,54.0,
3,110100,2016/05/02,1,116.8768,40.3801,12.33,
4,110100,2016/05/02,1,116.2151,39.9306,49.0,
5,110100,2016/05/02,1,116.6204,40.0719,15.0,
6,110100,2016/05/02,1,116.4238,40.073,17.5,
7,110100,2016/05/02,1,116.3435,39.9824,8.0,
8,110100,2016/05/02,1,116.454,39.9051,12.0,
9,110100,2016/05/02,1,116.3779,39.9062,27.25,
10,110100,2016/05/02,1,116.4311,39.9971,28.0,
11,110100,2016/05/02,1,116.3987,39.8517,64.0,
12,110100,2016/05/02,2,116.3371,39.8882,8.0,
13,110100,2016/05/02,2,116.3718,39.9228,23.33,
14,110100,2016/05/02,2,116.2886,39.9287,10.0,
15,110100,2016/05/02,2,116.5632,40.0668,57.0,
16,110100,2016/05/02,2,116.3122,39.9836,12.0,
17,110100,2016/05/02,2,116.4067,39.9993,8.0,
18,110100,2016/05/02,2,116.4783,39.8945,129.0,
19,110100,2016/05/02,2,116.7058,39.8746,19.0,
20,110100,2016/05/02,2,116.8524,40.3812,8.0,
21,110100,2016/05/02,2,116.4315,39.9632,19.0,
22,110100,2016/05/02,2,116.1532,39.754,133.0,
23,110100,2016/05/02,3,116.176,39.9245,84.0,
24,110100,2016/05/02,3,116.6162,40.065,24.0,
25,110100,2016/05/02,3,116.1691,39.768,11.0,
26,110100,2016/05/02,3,116.4385,39.9903,8.0,
27,110100,2016/05/02,3,116.3731,39.8799,8.0,
28,110100,2016/05/02,3,116.5928,40.0681,14.0,
29,110100,2016/05/02,3,116.6263,40.0546,28.0,
30,110100,2016/05/02,3,116.3144,39.864,43.0,
31,110100,2016/05/02,3,116.4842,39.9864,18.0,
32,110100,2016/05/02,3,116.3405,39.9441,11.0,
33,110100,2016/05/02,3,116.3652,39.9368,9.0,
34,110100,2016/05/02,4,116.3017,39.9047,53.0,
35,110100,2016/05/02,4,116.3432,39.9986,6.5,
36,110100,2016/05/02,4,116.1985,39.9421,10.0,
37,110100,2016/05/02,4,116.4231,39.9327,71.0,
38,110100,2016/05/02,4,116.3353,39.8035,25.0,
39,110100,2016/05/02,4,116.2309,39.912,9.0,
40,110100,2016/05/02,4,116.319,39.9488,12.0,
41,110100,2016/05/02,4,116.3472,39.9724,51.0,
42,110100,2016/05/02,4,116.2788,39.9613,7.0,
43,110100,2016/05/02,4,116.4202,40.066,13.0,
44,110100,2016/05/02,4,116.3659,39.942,13.0,
45,110100,2016/05/02,5,116.3778,39.9617,47.5,
46,110100,2016/05/02,5,116.6228,39.931,75.5,
47,110100,2016/05/02,5,116.2734,40.1411,15.0,
48,110100,2016/05/02,5,116.4231,39.9573,11.0,
49,110100,2016/05/02,5,116.4837,39.9284,11.0,
50,110100,2016/05/02,5,116.379,40.0058,46.0,
51,110100,2016/05/02,5,116.3403,39.9196,19.0,
52,110100,2016/05/02,5,116.35,39.9833,8.0,
53,110100,2016/05/02,5,116.3512,40.0166,52.0,
54,110100,2016/05/02,5,116.459,39.9187,15.5,
55,110100,2016/05/02,5,116.4238,39.9176,31.0,
56,110100,2016/05/02,6,116.4276,39.9888,18.5,
57,110100,2016/05/02,6,116.3266,39.8871,17.33,
58,110100,2016/05/02,6,116.562,40.0935,9.0,
59,110100,2016/05/02,6,117.1111,40.1526,21.67,
60,110100,2016/05/02,6,116.2625,39.8731,8.0,
61,110100,2016/05/02,6,116.3749,39.8429,41.0,
62,110100,2016/05/02,6,116.3711,39.9784,10.5,
63,110100,2016/05/02,6,116.4495,39.9657,32.33,
64,110100,2016/05/02,6,116.4239,40.0831,51.0,
65,110100,2016/05/02,6,116.4288,40.0682,12.0,
66,110100,2016/05/02,6,116.6469,39.9281,26.0,
67,110100,2016/05/02,7,116.6479,40.2924,14.67,
68,110100,2016/05/02,7,116.289,39.86,15.0,
69,110100,2016/05/02,7,116.6665,39.8989,8.0,
70,110100,2016/05/02,7,116.092,39.9512,11.0,
71,110100,2016/05/02,7,116.657,39.9091,12.0,
72,110100,2016/05/02,7,116.5006,39.9455,105.0,
73,110100,2016/05/02,7,116.6521,39.8805,8.0,
74,110100,2016/05/02,7,116.8368,40.3718,9.5,
75,110100,2016/05/02,7,116.4385,39.9741,76.8,
76,110100,2016/05/02,7,116.3064,39.9202,48.33,
77,110100,2016/05/02,7,116.1508,39.9359,15.0,
78,110100,2016/05/02,8,116.8395,40.3683,22.33,
79,110100,2016/05/02,8,116.3522,40.0177,133.0,
80,110100,2016/05/02,8,116.3105,40.0877,98.5,
81,110100,2016/05/02,8,116.3421,40.0411,62.75,
82,110100,2016/05/02,8,116.5142,39.8839,10.0,
83,110100,2016/05/02,8,116.6446,40.1326,38.0,
84,110100,2016/05/02,8,116.3454,39.8658,53.0,
85,110100,2016/05/02,8,116.5795,40.3661,12.0,
86,110100,2016/05/02,8,116.4423,39.9693,97.67,
87,110100,2016/05/02,8,116.3114,39.8418,48.0,
88,110100,2016/05/02,8,116.5065,39.9179,52.5,
89,110100,2016/05/02,9,116.3284,40.0842,48.0,
90,110100,2016/05/02,9,116.3855,39.8409,11.0,
91,110100,2016/05/02,9,116.5788,40.0715,6.0,
92,110100,2016/05/02,9,116.4196,39.8703,70.25,
93,110100,2016/05/02,9,116.3448,39.9667,43.75,
94,110100,2016/05/02,9,116.3254,40.0056,36.5,
95,110100,2016/05/02,9,116.3457,39.8811,54.0,
96,110100,2016/05/02,9,116.3755,39.9958,83.0,
97,110100,2016/05/02,9,116.5216,39.9388,111.0,
98,110100,2016/05/02,9,116.4666,39.9637,89.5,
99,110100,2016/05/02,9,116.5035,39.7971,41.0,
100,110100,2016/05/02,10,116.2943,39.7994,9.0,
101,110100,2016/05/02,10,116.2865,39.9309,68.86,
102,110100,2016/05/02,10,115.9373,40.525,11.0,
103,110100,2016/05/02,10,116.6629,40.2113,7.5,
104,110100,2016/05/02,10,116.38,39.9878,90.5,
105,110100,2016/05/02,10,116.2173,40.2189,52.0,
106,110100,2016/05/02,10,116.5089,39.996,29.0,
107,110100,2016/05/02,10,116.435,40.0847,34.25,
108,110100,2016/05/02,10,116.2377,39.8971,12.0,
109,110100,2016/05/02,10,116.3955,39.9797,51.0,
110,110100,2016/05/02,10,116.2585,40.1228,30.0,
111,110100,2016/05/02,11,116.6024,40.0627,9.0,
112,110100,2016/05/02,11,116.6379,40.3209,7.71,
113,110100,2016/05/02,11,116.2047,39.9126,22.0,
114,110100,2016/05/02,11,116.6399,40.3603,49.0,
115,110100,2016/05/02,11,116.2711,39.9247,67.25,
116,110100,2016/05/02,11,116.4337,39.9017,52.71,
117,110100,2016/05/02,11,116.2401,39.9263,49.67,
118,110100,2016/05/02,11,116.2461,40.2347,9.5,
119,110100,2016/05/02,11,116.3535,39.7347,56.0,
120,110100,2016/05/02,11,116.5288,39.7883,8.0,
121,110100,2016/05/02,11,116.5982,40.0741,7.0,
122,110100,2016/05/02,12,116.6337,39.9136,8.0,
123,110100,2016/05/02,12,116.5066,39.9601,12.75,
124,110100,2016/05/02,12,116.4443,39.9948,9.0,
125,110100,2016/05/02,12,116.5997,40.1299,73.5,
126,110100,2016/05/02,12,116.2131,40.2197,8.0,
127,110100,2016/05/02,12,116.3751,39.9429,13.25,
128,110100,2016/05/02,12,116.1962,39.9441,75.0,
129,110100,2016/05/02,12,116.6573,39.8665,11.0,
130,110100,2016/05/02,12,116.3095,39.8329,8.0,
131,110100,2016/05/02,12,116.2688,39.8667,7.0,
132,110100,2016/05/02,12,116.5765,39.9636,38.0,
133,110100,2016/05/02,13,116.8219,40.3849,7.0,
134,110100,2016/05/02,13,116.3142,40.0517,24.58,
135,110100,2016/05/02,13,116.6399,40.3603,5.0,
136,110100,2016/05/02,13,116.4262,39.9931,12.0,
137,110100,2016/05/02,13,116.3605,39.7934,79.0,
138,110100,2016/05/02,13,116.665,39.8952,25.36,
139,110100,2016/05/02,13,116.3779,39.9615,9.67,
140,110100,2016/05/02,13,116.6679,40.3219,8.5,
141,110100,2016/05/02,13,116.2547,39.9396,14.0,
142,110100,2016/05/02,13,116.5334,39.9219,99.5,
143,110100,2016/05/02,13,116.5073,39.8098,17.0,
144,110100,2016/05/02,14,116.6198,40.1209,42.5,
145,110100,2016/05/02,14,116.655,40.3242,28.0,
146,110100,2016/05/02,14,116.663,40.131,8.8,
147,110100,2016/05/02,14,116.422,39.9035,34.8,
148,110100,2016/05/02,14,116.2133,39.9249,10.0,
149,110100,2016/05/02,14,116.3148,39.9727,53.75,
150,110100,2016/05/02,14,116.5469,39.9719,13.0,
151,110100,2016/05/02,14,116.4142,40.0134,45.17,
152,110100,2016/05/02,14,116.3,40.0002,17.4,
153,110100,2016/05/02,14,116.3447,39.7372,96.0,
154,110100,2016/05/02,14,116.1901,40.0767,10.0,
155,110100,2016/05/02,15,116.572,39.7844,36.0,
156,110100,2016/05/02,15,116.2257,40.2416,66.0,
157,110100,2016/05/02,15,116.2186,39.7586,10.0,
158,110100,2016/05/02,15,117.1012,40.1643,23.0,
159,110100,2016/05/02,15,116.3253,39.7515,90.0,
160,110100,2016/05/02,15,116.4559,39.9608,180.0,
161,110100,2016/05/02,15,116.8376,40.358,66.33,
162,110100,2016/05/02,15,116.4205,39.9633,73.0,
163,110100,2016/05/02,15,116.7085,39.8876,67.0,
164,110100,2016/05/02,15,116.5372,40.0312,8.0,
165,110100,2016/05/02,15,116.2652,40.224,66.0,
166,110100,2016/05/02,16,116.5147,39.9634,65.0,
167,110100,2016/05/02,16,116.8516,40.405,10.0,
168,110100,2016/05/02,16,116.335,39.7966,9.0,
169,110100,2016/05/02,16,116.2574,40.2167,40.5,
170,110100,2016/05/02,16,116.3538,39.9054,12.5,
171,110100,2016/05/02,16,116.8217,40.3711,7.0,
172,110100,2016/05/02,16,116.3563,40.0145,22.0,
173,110100,2016/05/02,16,116.349,40.0227,12.0,
174,110100,2016/05/02,16,116.2335,39.9582,17.0,
175,110100,2016/05/02,16,117.1181,40.1402,6.0,
176,110100,2016/05/02,16,116.6756,40.3702,6.75,
177,110100,2016/05/02,17,116.1745,39.7246,18.0,
178,110100,2016/05/02,17,116.6904,39.9515,12.0,
179,110100,2016/05/02,17,116.828,40.1613,136.0,
180,110100,2016/05/02,17,116.3518,39.9973,10.67,
181,110100,2016/05/02,17,116.3299,39.7632,44.0,
182,110100,2016/05/02,17,116.4712,39.8688,71.5,
183,110100,2016/05/02,17,116.4635,39.9196,33.22,
184,110100,2016/05/02,17,116.3932,40.0131,9.0,
185,110100,2016/05/02,17,116.6986,40.1102,10.67,
186,110100,2016/05/02,17,116.3596,39.8756,20.0,
187,110100,2016/05/02,17,116.2395,39.9131,23.0,
188,110100,2016/05/02,18,116.3234,39.7754,15.0,
189,110100,2016/05/02,18,116.2999,40.0007,132.5,
190,110100,2016/05/02,18,116.6588,39.9285,75.0,
191,110100,2016/05/02,18,116.6482,39.9035,19.0,
192,110100,2016/05/02,18,116.5478,39.8089,68.0,
193,110100,2016/05/02,18,116.2919,39.9294,99.5,
194,110100,2016/05/02,18,116.6976,40.3452,62.5,
195,110100,2016/05/02,18,116.4539,40.0143,15.0,
196,110100,2016/05/02,18,116.6974,39.8705,41.0,
197,110100,2016/05/02,18,116.2602,39.9279,16.0,
198,110100,2016/05/02,18,116.604,40.1282,85.0,
199,110100,2016/05/02,19,116.6407,39.9,15.0,
200,110100,2016/05/02,19,116.5467,39.9171,17.0,
201,110100,2016/05/02,19,116.3716,39.9236,33.06,
202,110100,2016/05/02,19,116.4778,39.9604,75.5,
203,110100,2016/05/02,19,116.5548,40.0731,44.5,
204,110100,2016/05/02,19,116.3013,39.9539,40.5,
205,110100,2016/05/02,19,116.3149,40.0452,30.5,
206,110100,2016/05/02,19,116.2929,39.7589,24.0,
207,110100,2016/05/02,19,116.5061,40.0442,25.0,
208,110100,2016/05/02,19,116.311,39.9218,12.0,
209,110100,2016/05/02,19,116.3352,39.928,11.0,
210,110100,2016/05/02,20,116.512,39.9052,14.5,
211,110100,2016/05/02,20,116.751,40.2105,113.0,
212,110100,2016/05/02,20,116.6046,40.299,7.0,
213,110100,2016/05/02,20,116.3464,39.8035,10.0,
214,110100,2016/05/02,20,116.4548,39.8641,64.5,
215,110100,2016/05/02,20,116.3016,39.9224,21.0,
216,110100,2016/05/02,20,116.5754,40.0452,9.0,
217,110100,2016/05/02,20,116.3144,40.0518,19.2,
218,110100,2016/05/02,20,116.3997,40.0309,15.0,
219,110100,2016/05/02,20,116.3483,40.0447,21.0,
220,110100,2016/05/02,20,116.4981,39.9422,10.0,
221,110100,2016/05/02,21,116.5614,39.9473,16.0,
222,110100,2016/05/02,21,116.4829,39.9742,25.0,
223,110100,2016/05/02,21,116.6963,39.8701,10.0,
224,110100,2016/05/02,21,116.3227,40.158,11.0,
225,110100,2016/05/02,21,116.3247,40.0772,12.0,
226,110100,2016/05/02,21,116.4924,39.8794,39.5,
227,110100,2016/05/02,21,116.6399,39.95,83.0,
228,110100,2016/05/02,21,116.2965,40.0284,11.5,
229,110100,2016/05/02,21,116.4075,39.9584,24.5,
230,110100,2016/05/02,21,116.3687,39.8651,74.0,
231,110100,2016/05/02,21,116.697,39.9447,49.5,
232,110100,2016/05/02,22,116.5705,39.8535,48.0,
233,110100,2016/05/02,22,116.2526,39.8839,9.0,
234,110100,2016/05/02,22,116.2367,40.2212,62.0,
235,110100,2016/05/02,22,116.6669,40.324,132.0,
236,110100,2016/05/02,22,116.3793,40.0434,51.0,
237,110100,2016/05/02,22,116.3445,39.9986,35.91,
238,110100,2016/05/02,22,116.2477,39.932,25.0,
239,110100,2016/05/02,22,116.4163,40.0015,34.8,
240,110100,2016/05/02,22,116.2664,39.9065,18.0,
241,110100,2016/05/02,22,116.3627,39.9963,25.67,
242,110100,2016/05/02,22,116.6648,40.2834,46.0,
243,110100,2016/05/02,23,116.1174,39.9403,6.0,
244,110100,2016/05/02,23,116.304,39.8973,51.0,
245,110100,2016/05/02,23,116.4488,39.9798,26.6,
246,110100,2016/05/02,23,116.3456,39.9884,37.0,
247,110100,2016/05/02,23,116.3695,40.0673,42.0,
248,110100,2016/05/02,23,116.7155,39.8715,6.0,
249,110100,2016/05/02,23,116.3998,39.8515,22.5,
250,110100,2016/05/02,23,116.3003,39.9271,11.5,
251,110100,2016/05/02,23,116.3198,40.0331,85.0,
252,110100,2016/05/02,23,116.6638,39.9116,142.0,
253,110100,2016/05/02,23,116.3062,40.1597,9.0,
254,110100,2016/05/02,24,116.4327,39.9859,19.0,
255,110100,2016/05/02,24,116.17,39.7606,63.0,
256,110100,2016/05/02,24,116.3331,39.9879,37.33,
257,110100,2016/05/02,24,116.4646,40.0139,31.5,
258,110100,2016/05/02,24,116.5012,39.9828,34.67,
259,110100,2016/05/02,24,116.4134,40.0024,39.86,
260,110100,2016/05/02,24,116.3515,39.9297,10.0,
261,110100,2016/05/02,24,116.3156,39.9409,7.0,
262,110100,2016/05/02,24,116.3124,40.0506,22.5,
263,110100,2016/05/02,24,116.4144,40.0139,9.0,
264,110100,2016/05/02,24,116.4865,39.8769,22.67,
